regne,group1_inpn,group2_inpn,i_cd_ref,i_cd_nom_list,i_nom_valid,i_nb_cd_nom,f_cd_ref,f_cd_nom_list,f_nom_valid,f_nb_cd_nom,att_list,att_nb,media_nb,grappe_change,action,cas
Animalia,Arthropodes,Insectes,222999,[222999],"Nebria lafresnayi Audinet-Serville, 1821",1,1010250,[222999],"Nebria lafresnayei Audinet-Serville, 1821",1,,,,cas1,Update cd_ref no changes for attributes and medium,update cd_ref
Plantae,Trachéophytes,Angiospermes,994506,[994506],"Utricularia brennensis Gatignol & Zunino, 2019",1,1017676,[994506],"Utricularia tenuicaulis Miki, 1935",1,,,,cas1,Update cd_ref no changes for attributes and medium,update cd_ref
Fungi,Basidiomycètes,Autres,31943,[31943],"Clitocybe pseudoobbata (J.E.Lange) Kuyper, 1981",1,31980,[31943],"Clitocybe subcordispora Harmaja, 1969",1,,,,cas1,Update cd_ref no changes for attributes and medium,update cd_ref
Plantae,Trachéophytes,Angiospermes,99180,[99180],"Gagea fragifera (Vill.) E.Bayer & G.López, 1989",1,99184,[99180],"Gagea liottardii (Sternb.) Schult. & Schult.f., 1829",1,,,5,cas1,Update cd_ref no changes for attributes and medium,update cd_ref
Plantae,Bryophytes,Mousses,4765,"[4765, 786615]","Kiaeria blyttii (Bruch & Schimp.) Broth., 1923",2,1018857,"[4765, 786615]","Arctoa blyttii (Bruch & Schimp.) Loeske, 1910",2,,,7,cas1,Update cd_ref no changes for attributes and medium,update cd_ref
Plantae,Bryophytes,Mousses,4766,"[4766, 786688]","Kiaeria falcata (Hedw.) I.Hagen, 1915",2,1018958,"[4766, 786688]","Pseudoblindia falcata (Hedw.) Fedosov, M.Stech & Ignatov, 2021",2,,,,cas1,Update cd_ref no changes for attributes and medium,update cd_ref
Plantae,Bryophytes,Mousses,4767,"[4767, 4768, 787268]","Kiaeria starkei (F.Weber & D.Mohr) I.Hagen, 1915",3,1018858,"[4767, 4768, 787268]","Arctoa starkei (F.Weber & D.Mohr) Loeske, 1910",3,,,10,cas1,Update cd_ref no changes for attributes and medium,update cd_ref
Plantae,Bryophytes,Mousses,4776,"[4776, 434564]","Oncophorus wahlenbergii Brid., 1826",2,1018861,"[4776, 434564]","Brideliella wahlenbergii (Brid.) Fedosov, M.Stech & Ignatov, 2021",2,,,,cas1,Update cd_ref no changes for attributes and medium,update cd_ref
Animalia,Arthropodes,Insectes,8207,"[8207, 12378]","Rusticoclytus rusticus (Linnaeus, 1758)",2,12378,"[8207, 12378]","Xylotrechus rusticus (Linnaeus, 1758)",2,,,3,cas1,Update cd_ref no changes for attributes and medium,update cd_ref
Animalia,Arthropodes,Insectes,11675,[11675],"Esarcus abeillei (Ancey, 1870)",1,801947,[11675],"Entoxylon abeillei Ancey, 1869",1,,,,cas1,Update cd_ref no changes for attributes and medium,update cd_ref
Animalia,Arthropodes,Insectes,12110,[12110],"Meloe brevicollis Panzer, 1793",1,1012346,[12110],"Eurymeloe brevicollis (Panzer, 1793)",1,,,,cas1,Update cd_ref no changes for attributes and medium,update cd_ref
Animalia,Arthropodes,Insectes,12255,[12255],"Stenurella nigra (Linnaeus, 1758)",1,1013882,[12255],"Rutpela nigra (Linnaeus, 1758)",1,,,1,cas1,Update cd_ref no changes for attributes and medium,update cd_ref
Animalia,Arthropodes,Insectes,24892,[24892],"Otites formosa (Panzer, 1798)",1,1011237,[24892],"Otites ruficeps (Fabricius, 1805)",1,,,,cas1,Update cd_ref no changes for attributes and medium,update cd_ref
Fungi,Basidiomycètes,Autres,29360,[29360],"Boletus aestivalis (Paulet) Fr., 1838",1,29362,[29360],"Boletus reticulatus Schaeff., 1774",1,,,,cas1,Update cd_ref no changes for attributes and medium,update cd_ref
Fungi,Basidiomycètes,Autres,30280,[30280],"Hygrocybe psittacina (Schaeff.) P.Kumm., 1871",1,30282,[30280],"Gliophorus psittacinus (Schaeff.) Herink, 1958",1,,,,cas1,Update cd_ref no changes for attributes and medium,update cd_ref
Fungi,Basidiomycètes,Autres,30729,[30729],"Hemimycena crispula (Quél.) Singer, 1943",1,513103,[30729],"Hemimycena hirsuta (Tode) Singer, 1986",1,,,,cas1,Update cd_ref no changes for attributes and medium,update cd_ref
Fungi,Basidiomycètes,Autres,31108,[31108],"Mycena adonis var. coccinea (Quél.) Kühner, 1938",1,31109,[31108],"Mycena coccinea Quél., 1880",1,,,,cas1,Update cd_ref no changes for attributes and medium,update cd_ref
Fungi,Basidiomycètes,Autres,31952,[31952],"Clitocybe pruinosa P.Kumm., 1871",1,1003497,[31952],"Rhizocybe pruinosa (P.Kumm.) Vizzini, P.Alvarado & G.Moreno, 2015",1,,,,cas1,Update cd_ref no changes for attributes and medium,update cd_ref
Fungi,Basidiomycètes,Autres,34558,[34558],"Alnicola leucocnemis Romagn., 1986",1,508193,[34558],"Naucoria leucocnemis (Romagn.) E.Ludw. & Koeck, 2001",1,,,,cas1,Update cd_ref no changes for attributes and medium,update cd_ref
Fungi,Basidiomycètes,Autres,34583,[34583],"Alnicola spadicea (D.A.Reid) Bon, 1990",1,508199,[34583],"Naucoria spadicea D.A.Reid, 1984",1,,,,cas1,Update cd_ref no changes for attributes and medium,update cd_ref
Fungi,Basidiomycètes,Autres,35029,[35029],"Cortinarius herpeticus Fr., 1838",1,1011402,[35029],"Thaxterogaster herpeticus (Fr.) Niskanen & Liimat., 2022",1,,,,cas1,Update cd_ref no changes for attributes and medium,update cd_ref
Fungi,Basidiomycètes,Autres,35407,[35407],Cortinarius herpeticus var. polychrous (R. Henry) Garnier,1,35406,[35407],"Cortinarius polychrous Rob.Henry, 1952",1,,,,cas1,Update cd_ref no changes for attributes and medium,update cd_ref
Fungi,Basidiomycètes,Autres,35590,[35590],"Cortinarius scaurus subsp. violaceonitens Rob.Henry, 1976",1,1011406,[35590],"Thaxterogaster violaceonitens (Rob.Henry) Niskanen & Liimat., 2022",1,,,,cas1,Update cd_ref no changes for attributes and medium,update cd_ref
Fungi,Basidiomycètes,Autres,35732,[35732],"Cortinarius sulfurinus Quél., 1884",1,1018833,[35732],"Calonarius sulfurinus (Quél.) Niskanen & Liimat., 2022",1,,,,cas1,Update cd_ref no changes for attributes and medium,update cd_ref
Fungi,Basidiomycètes,Autres,36472,[36472],"Inocybe patouillardii Bres., 1905",1,974629,[36472],"Inosperma erubescens (A.Blytt) Matheny & Esteve-Rav., 2019",1,,,,cas1,Update cd_ref no changes for attributes and medium,update cd_ref
Fungi,Basidiomycètes,Autres,37254,[37254],"Coprinus cordisporus T.Gibbs, 1908",1,1005959,[37254],"Narcissea cordispora (T.Gibbs) D.Wächt. & A.Melzer, 2020",1,,,,cas1,Update cd_ref no changes for attributes and medium,update cd_ref
Fungi,Basidiomycètes,Autres,37295,[37295],"Coprinus narcoticus (Batsch) Fr., 1838",1,510314,[37295],"Coprinopsis narcotica (Batsch) Redhead, Vilgalys & Moncalvo, 2001",1,,,,cas1,Update cd_ref no changes for attributes and medium,update cd_ref
Fungi,Basidiomycètes,Autres,37335,[37335],"Coprinus patouillardii Quél., 1883",1,1005961,[37335],"Narcissea patouillardii (Quél.) D.Wächt. & A.Melzer, 2020",1,,,,cas1,Update cd_ref no changes for attributes and medium,update cd_ref
Fungi,Basidiomycètes,Autres,37444,[37444],"Psathyrella canoceps (Kauffman) A.H.Sm., 1941",1,1006145,[37444],"Coprinopsis canoceps (Kauffman) Örstadius & E.Larss., 2015",1,,,,cas1,Update cd_ref no changes for attributes and medium,update cd_ref
Fungi,Basidiomycètes,Autres,37649,[37649],"Phellinus tuberculosus Niemelä, 1982",1,37652,[37649],"Phellinus pomaceus (Pers.) Maire, 1933",1,,,,cas1,Update cd_ref no changes for attributes and medium,update cd_ref
Fungi,Basidiomycètes,Autres,37730,[37730],"Psathyrella panaeoloides (Maire) Svrček, 1961",1,37820,[37730],"Psathyrella panaeoloides (Maire) Arnolds, 1982",1,,,,cas1,Update cd_ref no changes for attributes and medium,update cd_ref
Fungi,Basidiomycètes,Autres,38541,[38541],"Leucoagaricus macrorhizus Locq. ex E.Horak, 1968",1,514742,[38541],"Leucoagaricus barssii (Zeller) Vellinga, 2000",1,,,,cas1,Update cd_ref no changes for attributes and medium,update cd_ref
Fungi,Basidiomycètes,Autres,41473,[41473],"Phlebiella allantospora (Oberw.) K.H.Larss. & Hjortstam, 1987",1,1003506,[41473],"Amyloxenasma allantosporum (Oberw.) Hjortstam & Ryvarden, 2005",1,,,,cas1,Update cd_ref no changes for attributes and medium,update cd_ref
Fungi,Basidiomycètes,Autres,41665,[41665],"Botryobasidium candicans J.Erikss., 1958",1,1003483,[41665],"Botryobasidium capitatum (Link) Rossman & W.C.Allen, 2016",1,,,,cas1,Update cd_ref no changes for attributes and medium,update cd_ref
Fungi,Basidiomycètes,Autres,41681,[41681],"Botryobasidium robustior Pouzar & Hol.-Jech., 1967",1,1006020,[41681],"Botryobasidium rubiginosum (Fr.) Rossman & W.C.Allen, 2016",1,,,,cas1,Update cd_ref no changes for attributes and medium,update cd_ref
Fungi,Basidiomycètes,Autres,41703,[41703],"Piptoporus quercinus (Schrad.) P.Karst., 1881",1,516920,[41703],"Buglossoporus quercinus (Schrad.) Kotl. & Pouzar, 1966",1,,,,cas1,Update cd_ref no changes for attributes and medium,update cd_ref
Fungi,Basidiomycètes,Autres,42890,[42890],"Hyphoderma radula (Fr.) Donk, 1957",1,1017721,[42890],"Xylodon radula (Fr.) Ţura, Zmitr., Wasser & Spirin, 2011",1,,,,cas1,Update cd_ref no changes for attributes and medium,update cd_ref
Fungi,Basidiomycètes,Autres,42977,[42977],"Hyphodontia juniperi (Bourdot & Galzin) J.Erikss. & Hjortstam, 1976",1,1005957,[42977],"Lyomyces juniperi (Bourdot & Galzin) Riebesehl & Langer, 2017",1,,,,cas1,Update cd_ref no changes for attributes and medium,update cd_ref
Fungi,Basidiomycètes,Autres,43369,[43369],"Maireina monacha (Speg.) W.B.Cooke, 1961",1,511729,[43369],"Merismodes bresadolae (Grelet) Singer, 1975",1,,,,cas1,Update cd_ref no changes for attributes and medium,update cd_ref
Fungi,Basidiomycètes,Autres,43394,[43394],"Merismodes fasciculatus (Schwein.) Earle, 1909",1,974836,[43394],"Merismodes fasciculata (Schwein.) Donk, 1951",1,,,,cas1,Update cd_ref no changes for attributes and medium,update cd_ref
Fungi,Basidiomycètes,Autres,43476,[43476],"Exidia nucleata (Schwein.) Burt, 1921",1,43475,[43476],"Myxarium nucleatum Wallr., 1833",1,,,,cas1,Update cd_ref no changes for attributes and medium,update cd_ref
Fungi,Basidiomycètes,Autres,43926,[43926],"Phlebia subcretacea (Litsch.) M.P.Christ., 1960",1,1005958,[43926],"Cabalodontia subcretacea (Litsch.) Piątek, 2004",1,,,,cas1,Update cd_ref no changes for attributes and medium,update cd_ref
Fungi,Basidiomycètes,Autres,43950,[43950],"Phlebiella grisella (Bourdot) K.H.Larss. & Hjortstam, 1987",1,1003505,[43950],"Amyloxenasma grisellum (Bourdot) Hjortstam & Ryvarden, 2005",1,,,,cas1,Update cd_ref no changes for attributes and medium,update cd_ref
Fungi,Basidiomycètes,Autres,43969,[43969],"Phlebiella vaga (Fr.) P.Karst., 1890",1,516634,[43969],"Xenasmatella vaga (Fr.) Stalpers, 1996",1,,,,cas1,Update cd_ref no changes for attributes and medium,update cd_ref
Fungi,Basidiomycètes,Autres,44007,[44007],"Piloderma croceum J.Erikss. & Hjortstam, 1981",1,44010,[44007],"Piloderma bicolor (Peck) Jülich, 1969",1,,,,cas1,Update cd_ref no changes for attributes and medium,update cd_ref
Fungi,Basidiomycètes,Autres,44993,[44993],"Tremella lutescens Pers., 1798",1,994196,[44993],"Tremella mesenterica (Schaeff.) Pers., 1801 [nom. cons.]",1,,,,cas1,Update cd_ref no changes for attributes and medium,update cd_ref
Fungi,Ascomycètes,Autres,46034,[46034],"Calycellina rhododendricola (Rehm) Remler, 1980",1,978082,[46034],"Remleria rhododendricola (Rehm) Raitv., 2004",1,,,,cas1,Update cd_ref no changes for attributes and medium,update cd_ref
Fungi,Ascomycètes,Autres,46059,[46059],"Camarops microspora (P.Karst.) Shear, 1938",1,1010827,[46059],"Camaropella microspora (P.Karst.) S.K.Huang & K.D.Hyde, 2021",1,,,,cas1,Update cd_ref no changes for attributes and medium,update cd_ref
Fungi,Ascomycètes,Autres,46546,[46546],"Crocicreas dolosellum (P.Karst.) S.E.Carp., 1980",1,873683,[46546],"Cyathicula dolosella (P.Karst.) Dennis, 1956",1,,,,cas1,Update cd_ref no changes for attributes and medium,update cd_ref
Fungi,Ascomycètes,Autres,46598,[46598],"Cryptodiaporthe salicella (Fr.) Petr., 1921",1,978917,[46598],"Plagiostoma salicellum (Fr.) Sogonov, 2008",1,,,,cas1,Update cd_ref no changes for attributes and medium,update cd_ref
Fungi,Ascomycètes,Autres,46649,[46649],"Cucurbitaria laburni (Pers.) De Not., 1862",1,1005947,[46649],"Camarosporidiella laburni (Pers.) Wanas., Bulgakov, Camporesi & K.D.Hyde, 2017",1,,,,cas1,Update cd_ref no changes for attributes and medium,update cd_ref
Fungi,Ascomycètes,Autres,46688,[46688],"Antinoa strobilina (Fr.) Velen., 1934",1,46690,[46688],"Phialea strobilina (Fr.) Gillet, 1881",1,,,,cas1,Update cd_ref no changes for attributes and medium,update cd_ref
Fungi,Ascomycètes,Autres,46960,[46960],"Diaporthe pustulata Sacc., 1882",1,874248,[46960],"Phomopsis pustulata (Sacc.) Died., 1911",1,,,,cas1,Update cd_ref no changes for attributes and medium,update cd_ref
Fungi,Ascomycètes,Autres,47294,[47294],"Elsinoe veneta (Burkh.) Jenkins, 1932",1,1006283,[47294],"Elsinoe necator (Ellis & Everh.) Rossman & W.C.Allen, 2016",1,,,,cas1,Update cd_ref no changes for attributes and medium,update cd_ref
Fungi,Ascomycètes,Autres,48172,[48172],"Inermisia fusispora (Berk.) Rifai, 1968",1,48173,[48172],"Byssonectria fusispora (Berk.) Rogerson & Korf, 1971",1,,,,cas1,Update cd_ref no changes for attributes and medium,update cd_ref
Fungi,Ascomycètes,Autres,48367,[48367],"Octospora miniata (De Not.) Caillet & Moyne, 1980",1,48364,[48367],"Lamprospora miniata De Not., 1863",1,,,,cas1,Update cd_ref no changes for attributes and medium,update cd_ref
Fungi,Ascomycètes,Autres,48783,[48783],"Nectria punicea (J.C.Schmidt) Fr., 1849",1,1010519,[48783],"Neonectria punicea (J.C.Schmidt) Castl. & Rossman, 2006",1,,,,cas1,Update cd_ref no changes for attributes and medium,update cd_ref
Fungi,Ascomycètes,Autres,49211,[49211],"Peziza petersii Berk., 1875",1,1016588,[49211],"Daleomyces petersii (Berk.) Van Vooren, 2020",1,,,,cas1,Update cd_ref no changes for attributes and medium,update cd_ref
Fungi,Ascomycètes,Autres,49272,[49272],"Peziza tectoria Cooke, 1877",1,49130,[49272],"Peziza cerea Sowerby, 1796",1,,,,cas1,Update cd_ref no changes for attributes and medium,update cd_ref
Fungi,Ascomycètes,Lichens,56383,[56383],"Collema tenax (Sw.) Ach., 1810",1,954259,[56383],"Enchylium tenax (Sw.) Gray, 1821",1,,,,cas1,Update cd_ref no changes for attributes and medium,update cd_ref
Fungi,Ascomycètes,Lichens,59419,[59419],"Caloplaca phlogina (Ach.) Flagey, 1886",1,978020,[59419],"Scythioria phlogina (Ach.) S.Y.Kondr., Kärnefelt, Elix, A.Thell & Hur, 2014",1,,,,cas1,Update cd_ref no changes for attributes and medium,update cd_ref
Fungi,Ascomycètes,Lichens,59433,[59433],"Caloplaca ferruginea (Huds.) Th.Fr., 1861",1,665934,[59433],"Blastenia ferruginea (Huds.) A.Massal., 1852",1,,,3,cas1,Update cd_ref no changes for attributes and medium,update cd_ref
Fungi,Ascomycètes,Lichens,59437,[59437],"Caloplaca hungarica H.Magn., 1944",1,1015112,[59437],"Blastenia hungarica (H.Magn.) Arup, Søchting & Frödén, 2013",1,,,,cas1,Update cd_ref no changes for attributes and medium,update cd_ref
Fungi,Ascomycètes,Lichens,59498,"[59498, 667256]","Caloplaca teicholyta (Ach.) J.Steiner, 1895",2,1015128,"[59498, 667256]","Kuettlingeria teicholyta (Ach.) Trevis., 1857",2,,,,cas1,Update cd_ref no changes for attributes and medium,update cd_ref
Fungi,Ascomycètes,Lichens,59499,"[59499, 664791]","Caloplaca erythrocarpa (Pers.) Zwackh, 1862",2,1015126,"[59499, 664791]","Kuettlingeria erythrocarpa (Pers.) I.V.Frolov, Vondrák & Arup, 2020",2,,,1,cas1,Update cd_ref no changes for attributes and medium,update cd_ref
Fungi,Ascomycètes,Lichens,59506,[59506],"Caloplaca carphinea (Fr.) Jatta, 1900",1,977715,[59506],"Usnochroma carphineum (Fr.) Søchting, Arup & Frödén, 2013",1,,,,cas1,Update cd_ref no changes for attributes and medium,update cd_ref
Animalia,Chordés,Poissons,70014,[70014],"Salaria fluviatilis (Asso, 1801)",1,1005993,[70014],"Salariopsis fluviatilis (Asso, 1801)",1,,,,cas1,Update cd_ref no changes for attributes and medium,update cd_ref
Animalia,Arthropodes,Insectes,79160,[79160],"Beraea maurus (Curtis, 1834)",1,1016051,[79160],"Beraea maura (Curtis, 1834)",1,,,,cas1,Update cd_ref no changes for attributes and medium,update cd_ref
Plantae,Trachéophytes,Angiospermes,88386,[88386],"Carex bipartita Bellardi ex All., 1785",1,88871,[88386],"Carex simpliciuscula Wahlenb., 1803",1,"[106, 107]",2,6,cas1,Update cd_ref no changes for attributes and medium,update cd_ref
Plantae,Trachéophytes,Angiospermes,89852,"[89852, 97309, 97310, 133043, 133044]","Centaurium pulchellum (Sw.) Druce, 1898",5,1011337,"[89852, 97309, 97310, 133043, 133044]","Centaurium pulchellum (Sw.) Druce, 1907",5,[107],1,10,cas1,Update cd_ref no changes for attributes and medium,update cd_ref
Plantae,Trachéophytes,Angiospermes,93456,[93456],"Crypsis alopecuroides (Piller & Mitterp.) Schrad., 1806",1,1015901,[93456],"Sporobolus alopecuroides (Piller & Mitterp.) P.M.Peterson, 2014",1,"[106, 107]",2,3,cas1,Update cd_ref no changes for attributes and medium,update cd_ref
Plantae,Trachéophytes,Angiospermes,93463,[93463],"Crypsis schoenoides (L.) Lam., 1791",1,1015904,[93463],"Sporobolus schoenoides (L.) P.M.Peterson, 2014",1,,,,cas1,Update cd_ref no changes for attributes and medium,update cd_ref
Plantae,Trachéophytes,Angiospermes,94754,"[94754, 94850, 133829, 146158, 613505]","Dianthus godronianus Jord., 1855",5,94753,"[94754, 94850, 133829, 146158, 613505]","Dianthus godronianus Jord., 1852",5,,,2,cas1,Update cd_ref no changes for attributes and medium,update cd_ref
Plantae,Trachéophytes,Angiospermes,95047,[95047],"Diospyros kaki L.f., 1782",1,1003150,[95047],"Diospyros kaki Thunb., 1780",1,,,,cas1,Update cd_ref no changes for attributes and medium,update cd_ref
Animalia,Arthropodes,Insectes,239357,[239357],"Andrena gallica Schmiedeknecht, 1883",1,239311,[239357],"Andrena assimilis Radoszkowski, 1876",1,,,,cas1,Update cd_ref no changes for attributes and medium,update cd_ref
Plantae,Trachéophytes,Angiospermes,95439,"[95436, 95439]","Drosera longifolia L., 1753",2,95436,"[95436, 95439]","Drosera anglica Huds., 1778",2,"[107, 108, 106]",3,9,cas1,Update cd_ref no changes for attributes and medium,update cd_ref
Plantae,Trachéophytes,Angiospermes,95443,[95443],"Drosera x belezeana E.G.Camus, 1891",1,1006011,[95443],"Drosera x eloisiana T.S.Bailey, 2015",1,,,,cas1,Update cd_ref no changes for attributes and medium,update cd_ref
Plantae,Trachéophytes,Angiospermes,96029,"[80439, 95991, 96029, 134073]","Elytrigia campestris (Godr. & Gren.) Kerguélen ex Carreras, 1986",4,96030,"[80439, 95991, 96029, 134073]","Elytrigia campestris (Godr. & Gren.) Kerguélen, 1987",4,"[107, 106]",2,1,cas1,Update cd_ref no changes for attributes and medium,update cd_ref
Plantae,Trachéophytes,Angiospermes,104077,[104077],"Juglans x intermedia Carrière, 1865",1,1014238,[104077],"Juglans x intermedia Jacques, 1834",1,,,,cas1,Update cd_ref no changes for attributes and medium,update cd_ref
Fungi,Basidiomycètes,Autres,463640,[463640],"Puccinia mixta Fuckel, 1870",1,517984,[463640],"Puccinia porri (Sowerby) G.Winter, 1881",1,,,,cas1,Update cd_ref no changes for attributes and medium,update cd_ref
Plantae,Trachéophytes,Angiospermes,106670,"[106670, 106718, 106719, 137448, 137449, 137450]","Lotus glaber Mill., 1768",6,106719,"[106670, 106718, 106719, 137448, 137449, 137450]","Lotus tenuis Waldst. & Kit. ex Willd., 1809",6,"[106, 107]",2,1,cas1,Update cd_ref no changes for attributes and medium,update cd_ref
Plantae,Trachéophytes,Angiospermes,108739,"[108737, 108739]","Molopospermum peloponnesiacum (L.) W.D.J.Koch, 1824",2,1012157,"[108737, 108739]","Molopospermum peleponnesiacum (L.) W.D.J.Koch, 1824",2,,,1,cas1,Update cd_ref no changes for attributes and medium,update cd_ref
Plantae,Trachéophytes,Angiospermes,108780,"[108780, 108792, 108798, 137878]","Montia arvensis Wallr., 1840",4,137883,"[108780, 108792, 108798, 137878]","Montia fontana subsp. minor (C.C.Gmel.) Schübl. & G.Martens, 1834",4,[107],1,1,cas1,Update cd_ref no changes for attributes and medium,update cd_ref
Plantae,Trachéophytes,Angiospermes,108787,"[108787, 137877, 137885]","Montia hallii (A.Gray) Greene, 1891",3,137877,"[108787, 137877, 137885]","Montia fontana subsp. amporitana Sennen, 1911",3,"[107, 106]",2,5,cas1,Update cd_ref no changes for attributes and medium,update cd_ref
Plantae,Trachéophytes,Angiospermes,109637,[109637],"Nigella papillosa G.López, 1985",1,1018850,[109637],"Nigella hispanica var. papillosa (G.López) J.-M.Tison, 2021",1,,,,cas1,Update cd_ref no changes for attributes and medium,update cd_ref
Plantae,Trachéophytes,Angiospermes,113341,"[113341, 113342]","Physocarpus opulifolius (L.) Raf., 1838",2,113342,"[113341, 113342]","Physocarpus opulifolius (L.) Maxim., 1879 [nom. cons.]",2,,,2,cas1,Update cd_ref no changes for attributes and medium,update cd_ref
Plantae,Trachéophytes,Angiospermes,115384,[115384],"Potamogeton x zizii W.D.J.Koch ex Roth, 1827",1,115334,[115384],"Potamogeton x angustifolius J.Presl, 1821",1,,,,cas1,Update cd_ref no changes for attributes and medium,update cd_ref
Plantae,Trachéophytes,Angiospermes,116870,[116870],"Radiola linoides Roth, 1788",1,106330,[116870],"Linum radiola L., 1753",1,"[106, 107]",2,4,cas1,Update cd_ref no changes for attributes and medium,update cd_ref
Plantae,Trachéophytes,Angiospermes,118945,[118945],"Rubus amplifolius P.J.Müll., 1861",1,1017200,[118945],"Rubus subamplifolius Ferrez & J.M.Royer, 2021",1,,,,cas1,Update cd_ref no changes for attributes and medium,update cd_ref
Plantae,Trachéophytes,Angiospermes,119005,[119005],"Rubus carpinifolius Weihe & Nees, 1824",1,118933,[119005],"Rubus adspersus Weihe ex H.E.Weber, 1973",1,,,,cas1,Update cd_ref no changes for attributes and medium,update cd_ref
Plantae,Trachéophytes,Angiospermes,119040,[119040],"Rubus cuspidifer P.J.Müll. & Lefèvre, 1859",1,717467,[119040],"Rubus cuspidiferus P.J.Müll. & Lefèvre, 1859",1,,,,cas1,Update cd_ref no changes for attributes and medium,update cd_ref
Plantae,Trachéophytes,Angiospermes,128307,"[128307, 128314, 128316]","Utricularia australis R.Br., 1810",3,128316,"[128307, 128314, 128316]","Utricularia neglecta Lehm., 1828",3,,,17,cas1,Update cd_ref no changes for attributes and medium,update cd_ref
Plantae,Trachéophytes,Angiospermes,129031,"[129031, 142150, 152401]","Veronica triloba (Opiz) A.Kern., 1896",3,1003758,"[129031, 142150, 152401]","Veronica triloba (Opiz) Opiz, 1826",3,"[106, 107]",2,3,cas1,Update cd_ref no changes for attributes and medium,update cd_ref
Plantae,Trachéophytes,Angiospermes,133226,"[90776, 133226]","Chenopodium album subsp. opulifolium (Schrad. ex W.D.J.Koch & Ziz) Batt., 1890",2,133225,"[90776, 133226]","Chenopodium album subsp. opulifolium (Schrad.ex W.D.J.Koch & Ziz) Čelak., 1871",2,"[106, 107]",2,1,cas1,Update cd_ref no changes for attributes and medium,update cd_ref
Plantae,Trachéophytes,Angiospermes,134387,"[97466, 97699, 134387]","Euphorbia flavicoma subsp. verrucosa (Fiori) Pignatti, 1973",3,97699,"[97466, 97699, 134387]","Euphorbia verrucosa L., 1753",3,"[106, 107]",2,12,cas1,Update cd_ref no changes for attributes and medium,update cd_ref
Plantae,Trachéophytes,Angiospermes,135010,[135010],"Gentiana bavarica var. bavarica L., 1753",1,1010803,[135010],"Gentiana bavarica subsp. bavarica L., 1753",1,,,6,cas1,Update cd_ref no changes for attributes and medium,update cd_ref
Plantae,Trachéophytes,Angiospermes,135044,[135044],"Gentiana verna subsp. delphinensis (Beauverd) H.Kunze, 1971",1,147408,[135044],"Gentiana verna var. villarsiana Rouy, 1908",1,"[106, 107]",2,,cas1,Update cd_ref no changes for attributes and medium,update cd_ref
Plantae,Trachéophytes,Angiospermes,135048,[135048],"Gentiana verna subsp. verna L., 1753",1,1010697,[135048],"Gentiana verna var. verna L., 1753",1,,,,cas1,Update cd_ref no changes for attributes and medium,update cd_ref
Plantae,Trachéophytes,Angiospermes,137380,[137380],"Linum strictum subsp. corymbulosum (Rchb.) Rouy, 1897",1,106291,[137380],"Linum corymbulosum Rchb., 1832",1,,,,cas1,Update cd_ref no changes for attributes and medium,update cd_ref
Plantae,Trachéophytes,Angiospermes,137383,"[106335, 137383, 137384]","Linum suffruticosum subsp. appressum (Caball.) Rivas Mart., 1978",3,106278,"[106335, 137383, 137384]","Linum appressum Caball., 1944",3,"[107, 106]",2,4,cas1,Update cd_ref no changes for attributes and medium,update cd_ref
Plantae,Trachéophytes,Angiospermes,137834,[137834],"Minuartia recurva subsp. condensata (C.Presl) Greuter & Burdet, 1982",1,148742,[137834],"Minuartia recurva var. thevenaei (Reut. ex H.J.Coste) Font Quer, 1949",1,[107],1,,cas1,Update cd_ref no changes for attributes and medium,update cd_ref
Plantae,Trachéophytes,Angiospermes,137836,[137836],"Minuartia recurva subsp. recurva (All.) Schinz & Thell., 1907",1,1018065,[137836],"Minuartia recurva var. recurva (All.) Schinz & Thell., 1907",1,,,10,cas1,Update cd_ref no changes for attributes and medium,update cd_ref
Plantae,Trachéophytes,Angiospermes,138817,[138817],"Pinguicula grandiflora subsp. rosea (Mutel) Casper, 1962",1,1014561,[138817],"Pinguicula rosea (Mutel) Landolt, 2010",1,,,4,cas1,Update cd_ref no changes for attributes and medium,update cd_ref
Plantae,Trachéophytes,Ptéridophytes,143985,"[84495, 143985]","Asplenium adiantum-nigrum var. silesiacum (Milde) Milde, 1867",2,1015002,"[84495, 143985]","Asplenium adiantum-nigrum var. silesiacum (Milde) Milde, 1865",2,,,,cas1,Update cd_ref no changes for attributes and medium,update cd_ref
Plantae,Trachéophytes,Angiospermes,147390,[147390],"Gentiana bavarica var. subacaulis Schleich. ex Gaudin, 1828",1,135014,[147390],"Gentiana bavarica subsp. subacaulis (Schleich. ex Gaudin) G.K.Müll., 1982",1,,,,cas1,Update cd_ref no changes for attributes and medium,update cd_ref
Plantae,Trachéophytes,Angiospermes,147805,"[103300, 136756, 136760, 136761, 147805, 147808]","Hypericum perforatum var. angustifolium DC., 1815",6,136761,"[103300, 136756, 136760, 136761, 147805, 147808]","Hypericum perforatum subsp. veronense (Schrank) H.Lindb., 1906",6,,,,cas1,Update cd_ref no changes for attributes and medium,update cd_ref
Plantae,Bryophytes,Mousses,193721,[193721],"Kiaeria I.Hagen, 1915",1,189407,[193721],"Arctoa Bruch & Schimp., 1846",1,,,,cas1,Update cd_ref no changes for attributes and medium,update cd_ref
Animalia,Arthropodes,Insectes,220480,[220480],"Phaeostigma notata (Fabricius, 1781)",1,1009181,[220480],"Phaeostigma notatum (Fabricius, 1781)",1,,,,cas1,Update cd_ref no changes for attributes and medium,update cd_ref
Animalia,Arthropodes,Insectes,224026,[224026],"Meloe mediterraneus J. [G.] Müller, 1925",1,1012339,[224026],"Eurymeloe mediterraneus (J. [G.] Müller, 1925)",1,,,,cas1,Update cd_ref no changes for attributes and medium,update cd_ref
Animalia,Arthropodes,Insectes,224043,[224043],"Eulagius filicornis (Reitter, 1887)",1,1014607,[224043],"Stereophilus filicornis (Reitter, 1887)",1,,,,cas1,Update cd_ref no changes for attributes and medium,update cd_ref
Animalia,Arthropodes,Insectes,226692,[226692],"Trichopoda pennipes (Fabricius, 1781)",1,1014245,[226692],"Trichopoda pictipennis Bigot, 1876",1,,,,cas1,Update cd_ref no changes for attributes and medium,update cd_ref
Animalia,Arthropodes,Insectes,227433,[227433],"Otites jucunda (Robineau-Desvoidy, 1830)",1,1011235,[227433],"Otites porcus (Latreille, 1804)",1,,,,cas1,Update cd_ref no changes for attributes and medium,update cd_ref
Animalia,Arthropodes,Insectes,236553,[236553],"Eoferreola rhombica (Christ, 1791)",1,1012713,[236553],"Paraferreola rhombica (Christ, 1791)",1,,,,cas1,Update cd_ref no changes for attributes and medium,update cd_ref
Animalia,Arthropodes,Insectes,239438,[239438],"Andrena similis Smith, 1849",1,1012380,[239438],"Andrena russula Lepeletier de Saint-Fargeau, 1841",1,,,,cas1,Update cd_ref no changes for attributes and medium,update cd_ref
Animalia,Arthropodes,Insectes,242519,[242519],"Baris artemisiae (Herbst, 1795)",1,793023,[242519],"Baris artemisiae (Panzer, 1794)",1,,,,cas1,Update cd_ref no changes for attributes and medium,update cd_ref
Animalia,Arthropodes,Insectes,248318,[721037],"Friedlanderia cicatricella (Hübner, 1824)",1,1013614,[721037],"Thopeutis cicatricella (Hübner, 1824)",1,,,,cas1,Update cd_ref no changes for attributes and medium,update cd_ref
Animalia,Arthropodes,Insectes,249093,"[249093, 521548, 777816]","Eilema depressa (Esper, 1787)",3,1015440,"[249093, 521548, 777816]","Katha depressa (Esper, 1787)",3,,,2,cas1,Update cd_ref no changes for attributes and medium,update cd_ref
Animalia,Arthropodes,Insectes,249094,[249094],"Eilema griseola (Hübner, 1803)",1,1015437,[249094],"Collita griseola (Hübner, 1803)",1,,,2,cas1,Update cd_ref no changes for attributes and medium,update cd_ref
Animalia,Arthropodes,Insectes,249095,[249095],"Eilema lurideola (Zincken, 1817)",1,1015435,[249095],"Nyea lurideola (Zincken, 1817)",1,,,1,cas1,Update cd_ref no changes for attributes and medium,update cd_ref
Animalia,Arthropodes,Insectes,249096,[249096],"Eilema complana (Linnaeus, 1758)",1,1015419,[249096],"Manulea complana (Linnaeus, 1758)",1,,,2,cas1,Update cd_ref no changes for attributes and medium,update cd_ref
Animalia,Arthropodes,Insectes,249097,[249097],"Eilema pseudocomplana (Daniel, 1939)",1,1015420,[249097],"Manulea pseudocomplana (Daniel, 1939)",1,,,,cas1,Update cd_ref no changes for attributes and medium,update cd_ref
Animalia,Arthropodes,Insectes,249099,[249099],"Eilema palliatella (Scopoli, 1763)",1,1015423,[249099],"Manulea palliatella (Scopoli, 1763)",1,,,,cas1,Update cd_ref no changes for attributes and medium,update cd_ref
Animalia,Arthropodes,Insectes,249100,[249100],"Eilema pygmaeola (Doubleday, 1847)",1,1015431,[249100],"Indalia pygmaeola (Doubleday, 1847)",1,,,,cas1,Update cd_ref no changes for attributes and medium,update cd_ref
Animalia,Arthropodes,Insectes,249101,[249101],"Eilema lutarella (Linnaeus, 1758)",1,1015428,[249101],"Indalia lutarella (Linnaeus, 1758)",1,,,,cas1,Update cd_ref no changes for attributes and medium,update cd_ref
Animalia,Arthropodes,Insectes,249102,"[249102, 716692]","Eilema sororcula (Hufnagel, 1766)",2,716692,"[249102, 716692]","Wittia sororcula (Hufnagel, 1766)",2,,,2,cas1,Update cd_ref no changes for attributes and medium,update cd_ref
Animalia,Arthropodes,Insectes,249103,[249103],"Eilema uniola (Rambur, 1866)",1,1015427,[249103],"Indalia uniola (Rambur, 1866)",1,,,,cas1,Update cd_ref no changes for attributes and medium,update cd_ref
Animalia,Arthropodes,Insectes,249458,"[249458, 774052]","Lasionycta imbecilla (Fabricius, 1794)",2,774052,"[249458, 774052]","Eriopygodes imbecilla (Fabricius, 1794)",2,,,,cas1,Update cd_ref no changes for attributes and medium,update cd_ref
Animalia,Arthropodes,Insectes,250372,[250372],"Prociphilus xylostei xylostei (De Geer, 1773)",1,215655,[250372],"Prociphilus xylostei (De Geer, 1773)",1,,,,cas1,Update cd_ref no changes for attributes and medium,update cd_ref
Animalia,Vers,Annélides,308329,[308329],"Trocheta bykowskii Gedroyc, 1913",1,1003160,[308329],"Trocheta taunensis Grosser, 2015",1,,,,cas1,Update cd_ref no changes for attributes and medium,update cd_ref
Plantae,Bryophytes,Mousses,434118,[434118],"Oreoweisia torquescens (Hornsch. ex Brid.) Wijk & Margad., 1959",1,1018864,[434118],"Cynodontium serrulatum (Funck ex Brid.) Lindb., 1864",1,,,,cas1,Update cd_ref no changes for attributes and medium,update cd_ref
Plantae,Bryophytes,Mousses,434543,[434543],"Schistidium brunnescens subsp. griseum (Nees & Hornsch.) H.H.Blom, 1996",1,1018985,[434543],"Schistidium griseum (Nees & Hornsch.) J.Guerra, 2021",1,,,,cas1,Update cd_ref no changes for attributes and medium,update cd_ref
Fungi,Ascomycètes,Autres,438047,[438047],"Anguillospora rosea Descals, 1992",1,1010883,[438047],"Orbilia rosea (J.Webster & Descals) Baral & E.Weber, 2020",1,,,,cas1,Update cd_ref no changes for attributes and medium,update cd_ref
Fungi,Basidiomycètes,Autres,461355,[461355],"Cortinarius reae Moënne-Locc. & Reumaux, 2003",1,1018834,[461355],"Calonarius saporatus (Britzelm.) Niskanen & Liimat., 2022",1,,,,cas1,Update cd_ref no changes for attributes and medium,update cd_ref
Fungi,Basidiomycètes,Autres,461470,[461470],"Cortinarius squameoradicans Bellivier ex Cheype, 1997",1,1018832,[461470],"Phlegmacium squameoradicans (Bellivier ex Cheype) Niskanen & Liimat., 2022",1,,,,cas1,Update cd_ref no changes for attributes and medium,update cd_ref
Fungi,Basidiomycètes,Autres,461805,[461805],"Fulvifomes rimosus (Berk.) Fiasson & Niemelä, 1984",1,37632,[461805],"Phellinus rimosus (Berk.) Pilát, 1940",1,,,,cas1,Update cd_ref no changes for attributes and medium,update cd_ref
Fungi,Basidiomycètes,Autres,461810,[461810],"Fuscoporia viticola (Schwein.) Murrill, 1907",1,465098,[461810],"Phellinus viticola (Schwein.) Donk, 1966",1,,,,cas1,Update cd_ref no changes for attributes and medium,update cd_ref
Fungi,Basidiomycètes,Autres,462459,[462459],"Collybia inodora (Pat.) P.D.Orton, 1969",1,510026,[462459],"Gymnopus inodorus (Pat.) Antonín & Noordel., 1997",1,,,,cas1,Update cd_ref no changes for attributes and medium,update cd_ref
Fungi,Basidiomycètes,Autres,463887,[463867],Uromyces armeriae Kickx,1,463867,[463867],"Uromyces armeriae (Schltdl.) Lév., 1847",1,,,,cas1,Update cd_ref no changes for attributes and medium,update cd_ref
Fungi,Basidiomycètes,Autres,464282,[464282],"Marasmiellus foetidus (Sowerby) Antonín, Halling & Noordel., 1997",1,1015036,[464282],"Gymnopus foetidus (Sowerby) P.M.Kirk, 2014",1,,,,cas1,Update cd_ref no changes for attributes and medium,update cd_ref
Fungi,Basidiomycètes,Autres,464330,[464330],"Marasmiellus perforans (Hoffm.) Antonín, Halling & Noordel., 1997",1,994103,[464330],"Paragymnopus perforans (Hoffm.) J.S.Oliveira, 2019",1,,,,cas1,Update cd_ref no changes for attributes and medium,update cd_ref
Fungi,Basidiomycètes,Autres,464341,[464341],"Marasmius setosus (Sowerby) Noordel., 1987",1,1003495,[464341],"Rhizomarasmius setosus (Sowerby) Antonín & A.Urb., 2015",1,,,,cas1,Update cd_ref no changes for attributes and medium,update cd_ref
Fungi,Basidiomycètes,Autres,464860,[464860],"Psilocybe horizontalis (Bull.) Vellinga & Noordel., 1995",1,1003493,[464860],"Deconica horizontalis (Bull.) Noordel., 2009",1,,,,cas1,Update cd_ref no changes for attributes and medium,update cd_ref
Fungi,Basidiomycètes,Autres,465038,[465038],"Phaeonematoloma lapponicum (Fr.) Bon, 1994",1,516356,[465038],"Pholiota lapponica (Fr.) Singer, 1951",1,,,,cas1,Update cd_ref no changes for attributes and medium,update cd_ref
Fungi,Basidiomycètes,Autres,465267,[465267],"Porodaedalea chrysoloma (Fr.) Fiasson & Niemelä, 1984",1,43841,[465267],"Phellinus chrysoloma (Fr.) Donk, 1971",1,,,,cas1,Update cd_ref no changes for attributes and medium,update cd_ref
Fungi,Basidiomycètes,Autres,469200,[469200],"Calocybe gambosa f. graveolens (Pers.) Kalamees, 2004",1,509199,[469200],"Calocybe graveolens (Pers.) Singer, 1975",1,,,,cas1,Update cd_ref no changes for attributes and medium,update cd_ref
Fungi,Basidiomycètes,Autres,469298,[469298],"Cortinarius argutus var. fraudulosus (Britzelm.) Melot, 1986",1,1010998,[469298],"Phlegmacium fraudulosum (Britzelm.) Niskanen & Liimat., 2022",1,,,,cas1,Update cd_ref no changes for attributes and medium,update cd_ref
Fungi,Basidiomycètes,Autres,469778,[469778],"Inocybe dulcamara var. latispora Bon, 1979",1,1006150,[469778],"Mallocybe latispora (Bon) Matheny & Esteve-Rav., 2019",1,,,,cas1,Update cd_ref no changes for attributes and medium,update cd_ref
Fungi,Basidiomycètes,Autres,470189,[470189],"Russula risigallina f. roseipes (Gillet) Bon, 1986",1,40028,[470189],"Russula roseipes Secr. ex Bres., 1883",1,,,,cas1,Update cd_ref no changes for attributes and medium,update cd_ref
Fungi,Basidiomycètes,Autres,470250,[470250],"Tapinella panuoides f. ionipes (Quél.) Šutara, 1992",1,1013575,[470250],"Tapinella panuoides f. ionipus (Quél.) Šutara, 1992",1,,,,cas1,Update cd_ref no changes for attributes and medium,update cd_ref
Plantae,Trachéophytes,Angiospermes,607019,[607019],"Viscaria Röhl., 1813",1,1002941,[607019],"Viscaria Bernh., 1800 [nom. cons.]",1,,,,cas1,Update cd_ref no changes for attributes and medium,update cd_ref
Plantae,Trachéophytes,Angiospermes,608163,[608163],"Morus kagayamae Koidz., 1915",1,446743,[608163],"Morus australis Poir., 1797",1,,,,cas1,Update cd_ref no changes for attributes and medium,update cd_ref
Plantae,Trachéophytes,Angiospermes,611493,[611493],"Spartina pectinata Bosc ex Link, 1820",1,1015867,[611493],"Sporobolus michauxianus (Hitchc.) P.M.Peterson & Saarela, 2014",1,,,,cas1,Update cd_ref no changes for attributes and medium,update cd_ref
Plantae,Trachéophytes,Angiospermes,612569,"[104067, 612569]","Sempervivum globiferum subsp. allionii (Jord. & Fourr.) 't Hart & Bleij, 1999",2,136892,"[104067, 612569]","Jovibarba globifera subsp. allionii (Jord. & Fourr.) J.Parn., 1990",2,"[106, 107]",2,,cas1,Update cd_ref no changes for attributes and medium,update cd_ref
Plantae,Trachéophytes,Angiospermes,613125,"[139531, 613125]","Pyrola rotundifolia var. rotundifolia L., 1753",2,139531,"[139531, 613125]","Pyrola rotundifolia subsp. rotundifolia L., 1753",2,[107],1,6,cas1,Update cd_ref no changes for attributes and medium,update cd_ref
Plantae,Trachéophytes,Angiospermes,613604,[613604],"Sempervivum montanum var. burnatii (Wettst. ex Hayek) Praeger, 1932",1,140916,[613604],"Sempervivum montanum subsp. burnatii Wettst. ex Hayek, 1922",1,,,,cas1,Update cd_ref no changes for attributes and medium,update cd_ref
Plantae,Autres,Chlorophytes et Charophytes,652325,[73462],"Octacanthium octocorne (Ralfs) Compère, 1996",1,1008568,[73462],"Staurodesmus octocornis (Ehrenberg ex Ralfs) Stastny, Skaloud & Neustupa, 2013",1,,,,cas1,Update cd_ref no changes for attributes and medium,update cd_ref
Fungi,Ascomycètes,Lichens,658746,"[658746, 664503]","Synalissa ramulosa (Hoffm.) Körb., 1855",2,54161,"[658746, 664503]","Synalissa symphorea (Ach.) Nyl., 1857",2,,,2,cas1,Update cd_ref no changes for attributes and medium,update cd_ref
Fungi,Ascomycètes,Lichens,659356,[659356],"Miriquidica garovaglioi (Schaer.) Hertel & Rambold, 1987",1,667268,[659356],"Miriquidica garovaglii (Schaer.) Hertel & Rambold, 1987",1,,,,cas1,Update cd_ref no changes for attributes and medium,update cd_ref
Fungi,Ascomycètes,Lichens,659413,[659413],"Cetrariella commixta (Nyl.) A.Thell & Kärnefelt, 2004",1,662790,[659413],"Melanelia commixta (Nyl.) A.Thell, 1995",1,,,,cas1,Update cd_ref no changes for attributes and medium,update cd_ref
Fungi,Ascomycètes,Lichens,659903,"[659903, 698693]","Degelia plumbea (Lightf.) P.M.Jørg. & P.James, 1990",2,1002792,"[659903, 698693]","Pectenia plumbea (Lightf.) P.M.Jørg., L.Lindblom, Wedin & S.Ekman, 2014",2,,,2,cas1,Update cd_ref no changes for attributes and medium,update cd_ref
Fungi,Ascomycètes,Lichens,660012,"[59038, 660012]","Flavocetraria nivalis (L.) Kärnefelt & A.Thell, 1994",2,979191,"[59038, 660012]","Nephromopsis nivalis (L.) Divakar, A.Crespo & Lumbsch, 2017",2,,,,cas1,Update cd_ref no changes for attributes and medium,update cd_ref
Plantae,Trachéophytes,Angiospermes,670749,"[130650, 670749]","Zinnia violacea Cav., 1791",2,130650,"[130650, 670749]","Zinnia elegans Jacq., 1792 [nom. cons.]",2,,,,cas1,Update cd_ref no changes for attributes and medium,update cd_ref
Plantae,Autres,Chlorophytes et Charophytes,676656,"[648706, 676656]","Chara vulgaris var. gymnophylla (A.Braun) C.F.Nyman, 1884",2,648706,"[648706, 676656]","Chara gymnophylla (A.Braun) A.Braun, 1835",2,,,,cas1,Update cd_ref no changes for attributes and medium,update cd_ref
Plantae,Trachéophytes,Angiospermes,717263,[717263],"Hieracium sublacteum Arv.-Touv. & Gaut., 1894",1,1017995,[717263],"Hieracium sublacteum (Arv.-Touv. & Gaut. ex Zahn) J.-M.Tison, 2021",1,,,,cas1,Update cd_ref no changes for attributes and medium,update cd_ref
Fungi,Basidiomycètes,Autres,726046,[726046],Inocybe mundula (J.Favre) E.Horak,1,513869,[726046],"Astrosporina mundula J.Favre, 1987",1,,,,cas1,Update cd_ref no changes for attributes and medium,update cd_ref
Animalia,Arthropodes,Insectes,778596,"[52884, 778596]","Polistes nimpha (Christ, 1791)",2,401712,"[52884, 778596]","Polistes opinabilis Kohl, 1898",2,,,,cas1,Update cd_ref no changes for attributes and medium,update cd_ref
Animalia,Arthropodes,Insectes,784526,"[249092, 784526]","Eilema cereola (Hübner, 1803)",2,249092,"[249092, 784526]","Setema cereola (Hübner, 1803)",2,,,,cas1,Update cd_ref no changes for attributes and medium,update cd_ref
Plantae,Trachéophytes,Angiospermes,789299,[789299],"Hieracium canescens subsp. sublaeve (Arv.-Touv.) Zahn, 1935",1,1017930,[789299],"Hieracium leve J.-M.Tison, 2021",1,,,,cas1,Update cd_ref no changes for attributes and medium,update cd_ref
Fungi,Ascomycètes,Autres,854322,[854322],"Ascochyta grovei Aa & Vanev, 2002",1,866447,[854322],"Phyllosticta mercurialis Desm., 1849",1,,,,cas1,Update cd_ref no changes for attributes and medium,update cd_ref
Fungi,Ascomycètes,Autres,856762,[856762],"Ombrophila lilacina (Fr.) P.Karst., 1871",1,1002815,[856762],"Ascocoryne lilacina (Fr.) Baral, Helleman, Matočec, I.Kušan, Polhorský & E.Weber, 2020",1,,,,cas1,Update cd_ref no changes for attributes and medium,update cd_ref
Fungi,Ascomycètes,Autres,856769,[856769],"Ombrophila tetracladia (Abdullah, Descals & J.Webster) Baral, 1985",1,879982,[856769],"Hymenoscyphus tetracladius Abdullah, Descals & J.Webster, 1981",1,,,,cas1,Update cd_ref no changes for attributes and medium,update cd_ref
Fungi,Ascomycètes,Autres,857534,[857534],"Pyrenopeziza betulicola Fuckel, 1870",1,857535,[857534],"Pyrenopeziza betulina (Alb. & Schwein.) Rauschert, 1988",1,,,,cas1,Update cd_ref no changes for attributes and medium,update cd_ref
Fungi,Ascomycètes,Autres,860382,[860382],"Microsphaera alphitoides Griffon & Maubl., 1912",1,874912,[860382],"Erysiphe alphitoides (Griffon & Maubl.) U.Braun & S.Takam., 2000",1,,,,cas1,Update cd_ref no changes for attributes and medium,update cd_ref
Fungi,Ascomycètes,Autres,860384,[860384],"Microsphaera baeumleri Magnus, 1899",1,1018898,[860384],"Erysiphe baeumleri (Magnus) U.Braun & S.Takam., 2000",1,,,,cas1,Update cd_ref no changes for attributes and medium,update cd_ref
Fungi,Ascomycètes,Autres,860390,[860390],"Microsphaera divaricata (Wallr.) Sacc., 1882",1,874928,[860390],"Erysiphe divaricata (Wallr.) Schltdl., 1824",1,,,,cas1,Update cd_ref no changes for attributes and medium,update cd_ref
Fungi,Ascomycètes,Autres,860394,[860394],"Microsphaera euonymi-japonici Vienn.-Bourg., 1968",1,874931,[860394],"Erysiphe euonymi-japonici U.Braun & S.Takam., 2000",1,,,,cas1,Update cd_ref no changes for attributes and medium,update cd_ref
Fungi,Ascomycètes,Autres,860449,[860449],"Microsphaera magnusii S.Blumer, 1933",1,875166,[860449],"Erysiphe magnusii (S.Blumer) U.Braun & S.Takam., 2000",1,,,,cas1,Update cd_ref no changes for attributes and medium,update cd_ref
Fungi,Ascomycètes,Autres,860452,[860452],"Microsphaera penicillata (Wallr.) Sacc., 1882",1,875172,[860452],"Erysiphe penicillata (Wallr.) Link, 1824",1,,,,cas1,Update cd_ref no changes for attributes and medium,update cd_ref
Fungi,Ascomycètes,Autres,860916,[860916],"Peziza violacea Pers., 1794",1,1016589,[860916],"Geoscypha violacea (Pers.) Lambotte, 1887",1,,,,cas1,Update cd_ref no changes for attributes and medium,update cd_ref
Fungi,Ascomycètes,Autres,861269,[861269],"Octospora rutilans (Fr.) Dennis & Itzerott, 1973",1,48824,[861269],"Neottiella rutilans (Fr.) Dennis, 1960",1,,,,cas1,Update cd_ref no changes for attributes and medium,update cd_ref
Fungi,Ascomycètes,Autres,862219,[862219],"Acanthostigma minutum (Fuckel) Sacc., 1883",1,871648,[862219],"Acanthostigmina minuta (Fuckel) Clem. & Shear, 1931",1,,,,cas1,Update cd_ref no changes for attributes and medium,update cd_ref
Fungi,Ascomycètes,Autres,862405,[862405],"Cosmospora vilior (Starbäck) Rossman & Samuels, 1999",1,1010518,[862405],"Pseudocosmospora vilior (Starbäck) C.S.Herrera & P.Chaverri, 2013",1,,,,cas1,Update cd_ref no changes for attributes and medium,update cd_ref
Fungi,Ascomycètes,Autres,862488,[862488],"Isaria farinosa (Holmsk.) Fr., 1832",1,1010516,[862488],"Cordyceps farinosa (Holmsk.) Kepler, B.Shrestha & Spatafora, 2017",1,,,,cas1,Update cd_ref no changes for attributes and medium,update cd_ref
Fungi,Ascomycètes,Autres,862724,[862724],Podospora myriaspora (P.Crouan & H.Crouan) Niessl,1,1010556,[862724],"Rhypophila myriospora (P.Crouan & H.Crouan) Y.Marín, A.N.Mill. & Guarro, 2020",1,,,,cas1,Update cd_ref no changes for attributes and medium,update cd_ref
Fungi,Ascomycètes,Autres,862729,[862729],"Podospora pleiospora (G.Winter) Niessl, 1883",1,1010558,[862729],"Rhypophila pleiospora (G.Winter) Y.Marín, A.N.Mill. & Guarro, 2020",1,,,,cas1,Update cd_ref no changes for attributes and medium,update cd_ref
Fungi,Ascomycètes,Autres,862731,[862731],"Podospora similis (E.C.Hansen) Niessl, 1883",1,866884,[862731],"Schizothecium simile (E.C.Hansen) N.Lundq., 1972",1,,,,cas1,Update cd_ref no changes for attributes and medium,update cd_ref
Fungi,Ascomycètes,Autres,865468,[865468],"Amphiporthe leiphaemia (Fr.) Butin, 1980",1,993718,[865468],"Dendrostoma leiphaemia (Fr.) Senan. & K.D.Hyde, 2018",1,,,,cas1,Update cd_ref no changes for attributes and medium,update cd_ref
Fungi,Ascomycètes,Autres,865861,[865861],"Clasterosporium carpophilum (Lév.) Aderh., 1901",1,961012,[865861],"Stigmina carpophila (Lév.) M.B.Ellis, 1959",1,,,,cas1,Update cd_ref no changes for attributes and medium,update cd_ref
Fungi,Ascomycètes,Autres,866340,[866340],"Pseudovalsella thelebola (Fr.) Höhn., 1918",1,866138,[866340],"Melanconis thelebola (Fr.) Sacc., 1882",1,,,,cas1,Update cd_ref no changes for attributes and medium,update cd_ref
Fungi,Ascomycètes,Autres,867125,[867125],"Karstenula rubicunda (Niessl) M.E.Barr, 1990",1,1016558,[867125],"Murispora rubicunda (Niessl) Y.Zhang ter, J.Fourn. & K.D.Hyde, 2009",1,,,,cas1,Update cd_ref no changes for attributes and medium,update cd_ref
Fungi,Ascomycètes,Autres,867175,[867175],"Trichodelitschia minuta (Fuckel) N.Lundq., 1972",1,867174,[867175],"Trichodelitschia bisporula (P.Crouan & H.Crouan) E.Müll. & Arx, 1962",1,,,,cas1,Update cd_ref no changes for attributes and medium,update cd_ref
Fungi,Ascomycètes,Autres,867542,[867542],"Lachnellula resinaria var. calycina (Schumach.) Baral, 2000",1,875210,[867542],"Lachnellula calycina (Schumach.) Sacc., 1889",1,,,,cas1,Update cd_ref no changes for attributes and medium,update cd_ref
Animalia,Arthropodes,Insectes,884227,[241467],"Cyrtonus limbata (Fabricius, 1775)",1,241467,[241467],"Chrysolina limbata (Fabricius, 1775)",1,,,,cas1,Update cd_ref no changes for attributes and medium,update cd_ref
Animalia,Arthropodes,Insectes,897307,[236457],"Andricus fecundator (Hartig, 1840)",1,52665,[236457],"Andricus fecundatrix (Hartig, 1840)",1,,,,cas1,Update cd_ref no changes for attributes and medium,update cd_ref
Fungi,Basidiomycètes,Autres,926185,[926185],"Cortinarius lepistoides T.S.Jeppesen & Frøslev, 2009",1,1013449,[926185],"Phlegmacium lepistoides (T.S.Jeppesen & Frøslev) Niskanen & Liimat., 2022",1,,,,cas1,Update cd_ref no changes for attributes and medium,update cd_ref
Animalia,Chordés,Oiseaux,961306,"[3945, 961306]","Motacilla yarrellii Gould, 1837",2,3945,"[3945, 961306]","Motacilla alba yarrellii Gould, 1837",2,,,,cas1,Update cd_ref no changes for attributes and medium,update cd_ref
Animalia,Mollusques,Gastéropodes,972076,"[162902, 972076]","Dilatata dilatata (Gould, 1841)",2,162902,"[162902, 972076]","Menetus dilatatus (A. Gould, 1841)",2,,,,cas1,Update cd_ref no changes for attributes and medium,update cd_ref
Fungi,Basidiomycètes,Autres,974174,"[37469, 974174]","Psathyrella conopilea (Fr.) A.Pearson & Dennis, 1948",2,974180,"[37469, 974174]","Parasola conopilea (Fr.) Örstadius & E.Larss., 2008",2,,,,cas1,Update cd_ref no changes for attributes and medium,update cd_ref
Fungi,Basidiomycètes,Autres,995012,"[43118, 995012]","Mensularia radiata (Sowerby) Lázaro Ibiza, 1916",2,1009703,"[43118, 995012]","Xanthoporia radiata (Sowerby) Ţura, Zmitr., Wasser, Raats & Nevo, 2011",2,,,,cas1,Update cd_ref no changes for attributes and medium,update cd_ref
Plantae,Bryophytes,Mousses,5353,"[5353, 5354, 5355, 787079, 787357]","Trichostomum brachydontium Bruch, 1829",5,5353,"[5353, 5355, 787079]","Trichostomum brachydontium Bruch, 1829",3,,,6,cas2,Keep attributes and medium,split
Animalia,Arthropodes,Insectes,53451,"[53451, 647084]","Erebia euryale (Esper, 1805)",2,53451,[53451],"Erebia euryale (Esper, 1805)",1,,,3,cas2,Keep attributes and medium,split
Plantae,Trachéophytes,Angiospermes,79766,"[79766, 109478, 130708]","Acer negundo L., 1753",3,79766,"[79766, 109478]","Acer negundo L., 1753",2,"[106, 107]",2,3,cas2,Keep attributes and medium,split
Plantae,Trachéophytes,Angiospermes,100142,"[100142, 135069]","Geranium robertianum L., 1753",2,100142,[100142],"Geranium robertianum L., 1753",1,"[107, 106]",2,12,cas2,Keep attributes and medium,split
Plantae,Trachéophytes,Angiospermes,102051,"[102051, 102122]","Hieracium hirsutum Bernh. ex Froel., 1838",2,102051,[102051],"Hieracium hirsutum Bernh. ex Froel., 1838",1,,,,cas2,Keep attributes and medium,split
Plantae,Trachéophytes,Angiospermes,102633,"[102329, 102633]","Hieracium taurinense Jord., 1849",2,102633,[102633],"Hieracium taurinense Jord., 1849",1,,,,cas2,Keep attributes and medium,split
Plantae,Trachéophytes,Angiospermes,105410,"[105410, 115963, 124489, 997406]","Legousia speculum-veneris (L.) Chaix, 1785",4,105410,"[105410, 115963, 124489]","Legousia speculum-veneris (L.) Chaix, 1785",3,"[107, 106, 108]",3,31,cas2,Keep attributes and medium,split
Plantae,Trachéophytes,Angiospermes,106280,"[106280, 137358, 137364, 137365, 148249]","Linum austriacum L., 1753",5,106280,"[106280, 137358, 137364]","Linum austriacum L., 1753",3,[107],1,,cas2,Keep attributes and medium,split
Plantae,Trachéophytes,Angiospermes,108785,"[108785, 108795, 137879, 137884]","Montia fontana L., 1753",4,108785,"[108785, 108795, 137884]","Montia fontana L., 1753",3,[107],1,5,cas2,Keep attributes and medium,split
Plantae,Trachéophytes,Angiospermes,119097,"[119027, 119097, 119269, 119309, 140256]","Rubus fruticosus L., 1753",5,119097,"[119027, 119097, 119309, 140256]","Rubus fruticosus L., 1753 [nom. et typ. cons.]",4,,,1,cas2,Keep attributes and medium,split
Plantae,Trachéophytes,Angiospermes,119915,"[119915, 120099, 120215, 140437, 617262]","Salix alba L., 1753",5,119915,"[119915, 120099, 120215, 140437]","Salix alba L., 1753 [nom. et typ. cons.]",4,"[106, 107]",2,29,cas2,Keep attributes and medium,split
Plantae,Trachéophytes,Angiospermes,126650,"[126629, 126635, 126650, 141766, 141769]","Tilia platyphyllos Scop., 1771",5,126650,[126650],"Tilia platyphyllos Scop., 1771 [nom. et typ. cons.]",1,"[106, 108, 107]",3,6,cas2,Keep attributes and medium,split
Plantae,Bryophytes,Hépatiques et Anthocérotes,783399,"[6698, 783399, 787177, 787179]","Myriocoleopsis minutissima subsp. minutissima (Sm.) R.L.Zhu, Y.Yu & Pócs, 2014",4,783399,"[783399, 787177, 787179]","Myriocoleopsis minutissima subsp. minutissima (Sm.) R.L.Zhu, Y.Yu & Pócs, 2014",3,,,1,cas2,Keep attributes and medium,split
Plantae,Bryophytes,Mousses,5353,"[5353, 5354, 5355, 787079, 787357]","Trichostomum brachydontium Bruch, 1829",5,5354,[5354],"Trichostomum littorale Mitt., 1868",1,,,6,cas2,Loose attributes and medium now attach to 5353,split
Plantae,Bryophytes,Mousses,5353,"[5353, 5354, 5355, 787079, 787357]","Trichostomum brachydontium Bruch, 1829",5,1018851,[787357],"Trichostomum herzogii Ros, O.Werner & R.D.Porley, 2022",1,,,6,cas2,Loose attributes and medium now attach to 5353,split
Animalia,Arthropodes,Insectes,53451,"[53451, 647084]","Erebia euryale (Esper, 1805)",2,647083,[647084],"Erebia euryale adyte (Hübner, 1819)",1,,,3,cas2,Loose attributes and medium now attach to 53451,split
Plantae,Trachéophytes,Angiospermes,79766,"[79766, 109478, 130708]","Acer negundo L., 1753",3,130708,[130708],"Acer negundo subsp. negundo L., 1753",1,"[106, 107]",2,3,cas2,Loose attributes and medium now attach to 79766,split
Plantae,Trachéophytes,Angiospermes,100142,"[100142, 135069]","Geranium robertianum L., 1753",2,135069,[135069],"Geranium robertianum subsp. robertianum L., 1753",1,"[107, 106]",2,12,cas2,Loose attributes and medium now attach to 100142,split
Plantae,Trachéophytes,Angiospermes,102051,"[102051, 102122]","Hieracium hirsutum Bernh. ex Froel., 1838",2,102122,[102122],"Hieracium lamyi F.W.Schultz, 1855",1,,,,cas2,Loose attributes and medium now attach to 102051,split
Plantae,Trachéophytes,Angiospermes,102633,"[102329, 102633]","Hieracium taurinense Jord., 1849",2,102329,[102329],"Hieracium perpropinquum (Zahn) Druce, 1928",1,,,,cas2,Loose attributes and medium now attach to 102633,split
Plantae,Trachéophytes,Angiospermes,105410,"[105410, 115963, 124489, 997406]","Legousia speculum-veneris (L.) Chaix, 1785",4,997406,[997406],"Legousia speculum-veneris subsp. speculum-veneris (L.) Chaix, 1785",1,"[107, 106, 108]",3,31,cas2,Loose attributes and medium now attach to 105410,split
Plantae,Trachéophytes,Angiospermes,106280,"[106280, 137358, 137364, 137365, 148249]","Linum austriacum L., 1753",5,987988,"[137365, 148249]","Linum provinciale Jord., 1849",2,[107],1,,cas2,Loose attributes and medium now attach to 106280,split
Plantae,Trachéophytes,Angiospermes,108785,"[108785, 108795, 137879, 137884]","Montia fontana L., 1753",4,137879,[137879],"Montia fontana subsp. fontana L., 1753",1,[107],1,5,cas2,Loose attributes and medium now attach to 108785,split
Plantae,Trachéophytes,Angiospermes,119097,"[119027, 119097, 119269, 119309, 140256]","Rubus fruticosus L., 1753",5,119269,[119269],"Rubus plicatus Weihe & Nees, 1822",1,,,1,cas2,Loose attributes and medium now attach to 119097,split
Plantae,Trachéophytes,Angiospermes,119915,"[119915, 120099, 120215, 140437, 617262]","Salix alba L., 1753",5,120323,[617262],"Salix x chrysocoma Dode, 1909",1,"[106, 107]",2,29,cas2,Loose attributes and medium now attach to 119915,split
Plantae,Trachéophytes,Angiospermes,126650,"[126629, 126635, 126650, 141766, 141769]","Tilia platyphyllos Scop., 1771",5,141766,"[126629, 126635, 141766]","Tilia platyphyllos subsp. cordifolia C.K.Schneid., 1909",3,"[106, 108, 107]",3,6,cas2,Loose attributes and medium now attach to 126650,split
Plantae,Trachéophytes,Angiospermes,126650,"[126629, 126635, 126650, 141766, 141769]","Tilia platyphyllos Scop., 1771",5,141769,[141769],"Tilia platyphyllos subsp. pseudorubra C.K.Schneid., 1909",1,"[106, 108, 107]",3,6,cas2,Loose attributes and medium now attach to 126650,split
Plantae,Bryophytes,Hépatiques et Anthocérotes,783399,"[6698, 783399, 787177, 787179]","Myriocoleopsis minutissima subsp. minutissima (Sm.) R.L.Zhu, Y.Yu & Pócs, 2014",4,783398,[6698],"Myriocoleopsis minutissima (Sm.) R.L.Zhu, Y.Yu & Pócs, 2014",1,,,1,cas2,Loose attributes and medium now attach to 783399,split
Plantae,Trachéophytes,Angiospermes,97477,[97477],"Euphorbia chamaesyce L., 1753",1,97477,"[90528, 97471, 97477, 134355]","Euphorbia chamaesyce L., 1753",4,"[106, 107]",2,,"cas3: 2 grappes, cas3: f_cd_ref","Conflicts with attributes : sinp_description, sinp_ecology",merge
Plantae,Trachéophytes,Angiospermes,134355,"[90528, 97471, 134355]","Euphorbia chamaesyce subsp. chamaesyce L., 1753",3,97477,"[90528, 97471, 97477, 134355]","Euphorbia chamaesyce L., 1753",4,"[107, 106]",2,1,"cas3: 2 grappes, cas3: f_cd_ref","Conflicts with attributes : sinp_description, sinp_ecology",merge
Plantae,Trachéophytes,Angiospermes,88840,"[88342, 88646, 88840]","Carex rostrata Stokes, 1787",3,88840,"[88342, 88591, 88646, 88840]","Carex rostrata Stokes, 1787 [nom. et typ. cons.]",4,"[106, 107]",2,13,cas3: f_cd_ref,"Conflicts with attributes : sinp_description, sinp_ecology",merge
Plantae,Trachéophytes,Angiospermes,88942,"[88591, 88942]","Carex vesicaria L., 1753",2,88840,"[88342, 88591, 88646, 88840]","Carex rostrata Stokes, 1787 [nom. et typ. cons.]",4,"[107, 106]",2,9,cas3: f_cd_ref,"Conflicts with attributes : sinp_description, sinp_ecology",merge
Plantae,Trachéophytes,Angiospermes,93621,[93621],"Cuscuta epithymum (L.) L., 1774",1,93621,"[93599, 93621, 93653, 133568]","Cuscuta epithymum (L.) L., 1774",4,"[106, 107]",2,6,cas3: f_cd_ref,"Conflicts with attributes : sinp_description, sinp_ecology",merge
Plantae,Trachéophytes,Angiospermes,95793,[95793],"Echium vulgare L., 1753",1,95793,"[95763, 95793]","Echium vulgare L., 1753",2,"[107, 106]",2,12,cas3: f_cd_ref,"Conflicts with attributes : sinp_description, sinp_ecology",merge
Plantae,Trachéophytes,Angiospermes,103324,"[103278, 103324]","Hypericum richeri Vill., 1779",2,136772,"[103278, 136772]","Hypericum richeri subsp. richeri Vill., 1779",2,"[106, 107]",2,13,cas3: f_cd_ref,Conflicts with attributes : sinp_ecology,merge
Plantae,Trachéophytes,Angiospermes,113620,[113620],"Pinguicula grandiflora Lam., 1789",1,113620,"[113620, 138815, 613801, 613802, 621498, 923321]","Pinguicula grandiflora Lam., 1789",6,"[107, 106]",2,13,cas3: f_cd_ref,"Conflicts with attributes : sinp_description, sinp_ecology",merge
Plantae,Trachéophytes,Angiospermes,133565,"[93599, 93636, 93653, 133565, 133568]","Cuscuta epithymum subsp. epithymum (L.) L., 1774",5,93621,"[93599, 93621, 93653, 133568]","Cuscuta epithymum (L.) L., 1774",4,"[107, 106]",2,3,cas3: f_cd_ref,"Conflicts with attributes : sinp_description, sinp_ecology",merge
Plantae,Trachéophytes,Angiospermes,136772,[136772],"Hypericum richeri subsp. richeri Vill., 1779",1,136772,"[103278, 136772]","Hypericum richeri subsp. richeri Vill., 1779",2,"[106, 107]",2,,cas3: f_cd_ref,Conflicts with attributes : sinp_ecology,merge
Plantae,Trachéophytes,Angiospermes,138815,[138815],"Pinguicula grandiflora subsp. grandiflora Lam., 1789",1,113620,"[113620, 138815, 613801, 613802, 621498, 923321]","Pinguicula grandiflora Lam., 1789",6,"[107, 106]",2,3,cas3: f_cd_ref,"Conflicts with attributes : sinp_description, sinp_ecology",merge
Plantae,Trachéophytes,Angiospermes,613150,"[95746, 95763, 95794, 134032, 146318, 613150]","Echium vulgare var. vulgare L., 1753",6,95793,"[95763, 95793]","Echium vulgare L., 1753",2,"[106, 107]",2,,cas3: f_cd_ref,"Conflicts with attributes : sinp_description, sinp_ecology",merge
Plantae,Trachéophytes,Angiospermes,621498,"[613801, 621498]",Pinguicula grandiflora var. pallida (Babey) Reut.,2,113620,"[113620, 138815, 613801, 613802, 621498, 923321]","Pinguicula grandiflora Lam., 1789",6,,,,cas3: f_cd_ref,"Conflicts with attributes : sinp_description, sinp_ecology",merge
Plantae,Trachéophytes,Angiospermes,923321,"[613802, 923321]","Pinguicula grandiflora var. grandiflora Lam., 1789",2,113620,"[113620, 138815, 613801, 613802, 621498, 923321]","Pinguicula grandiflora Lam., 1789",6,,,3,cas3: f_cd_ref,"Conflicts with attributes : sinp_description, sinp_ecology",merge
Fungi,Basidiomycètes,Autres,463983,[463983],Uromyces polygoni-aviculariae (Pers.) J.Schröt.,1,520561,"[463982, 463983]","Uromyces polygoni-avicularis (Pers.) G.H.Otth, 1864",2,,,,"cas3: 2 grappes, cas3: f_cd_ref",Merge attributes if exists,merge
Fungi,Basidiomycètes,Autres,30809,[30809],"Calocybe gambosa (Fr.) Donk, 1962",1,30809,"[30809, 469201]","Calocybe gambosa (Fr.) Donk, 1962",2,,,,"cas3: 2 grappes, cas3: f_cd_ref",Merge attributes if exists,merge
Fungi,Basidiomycètes,Autres,32723,[32723],"Omphalina barbularum (Romagn.) Bon, 1975",1,32724,"[32723, 32724]","Clitocybe barbularum (Romagn.) P.D.Orton, 1960",2,,,,"cas3: 2 grappes, cas3: f_cd_ref",Merge attributes if exists,merge
Fungi,Basidiomycètes,Autres,32724,[32724],"Clitocybe barbularum (Romagn.) P.D.Orton, 1960",1,32724,"[32723, 32724]","Clitocybe barbularum (Romagn.) P.D.Orton, 1960",2,,,1,"cas3: 2 grappes, cas3: f_cd_ref",Merge attributes if exists,merge
Fungi,Basidiomycètes,Autres,33739,[33739],"Entoloma lividum Quél., 1872",1,33741,"[33739, 33741]","Entoloma sinuatum (Bull.) P.Kumm., 1871",2,,,,"cas3: 2 grappes, cas3: f_cd_ref",Merge attributes if exists,merge
Fungi,Basidiomycètes,Autres,33741,[33741],"Entoloma sinuatum (Bull.) P.Kumm., 1871",1,33741,"[33739, 33741]","Entoloma sinuatum (Bull.) P.Kumm., 1871",2,,,,"cas3: 2 grappes, cas3: f_cd_ref",Merge attributes if exists,merge
Fungi,Basidiomycètes,Autres,33781,[33781],"Entoloma rhodopolium f. nidorosum (Fr.) Noordel., 1989",1,33901,"[33781, 33901]","Entoloma rhodopolium (Fr.) P.Kumm., 1871",2,,,,"cas3: 2 grappes, cas3: f_cd_ref",Merge attributes if exists,merge
Fungi,Basidiomycètes,Autres,33901,[33901],"Entoloma rhodopolium (Fr.) P.Kumm., 1871",1,33901,"[33781, 33901]","Entoloma rhodopolium (Fr.) P.Kumm., 1871",2,,,,"cas3: 2 grappes, cas3: f_cd_ref",Merge attributes if exists,merge
Fungi,Basidiomycètes,Autres,34688,[34688],"Cortinarius erythrinus (Fr.) Fr., 1838",1,34688,"[34688, 34888]","Cortinarius erythrinus (Fr.) Fr., 1838",2,,,,"cas3: 2 grappes, cas3: f_cd_ref",Merge attributes if exists,merge
Fungi,Basidiomycètes,Autres,34888,[34888],"Cortinarius castaneus var. erythrinus (Fr.) Moënne-Locc. & Reumaux, 1990",1,34688,"[34688, 34888]","Cortinarius erythrinus (Fr.) Fr., 1838",2,,,,"cas3: 2 grappes, cas3: f_cd_ref",Merge attributes if exists,merge
Fungi,Basidiomycètes,Autres,35124,[35124],"Cortinarius latus (Pers.) Fr., 1838",1,35124,"[35124, 469535]","Cortinarius latus (Pers.) Fr., 1838",2,,,,"cas3: 2 grappes, cas3: f_cd_ref",Merge attributes if exists,merge
Fungi,Basidiomycètes,Autres,35481,[35481],"Cortinarius purpuratus Rob.Henry, 1985",1,1013462,"[35481, 1002056]","Phlegmacium viridocoeruleum (Chevassut & Rob.Henry) Niskanen & Liimat., 2022",2,,,,"cas3: 2 grappes, cas3: f_cd_ref",Merge attributes if exists,merge
Fungi,Basidiomycètes,Autres,35587,[35587],"Cortinarius scaurus (Fr.) Fr., 1838",1,1011397,"[35587, 469452]","Thaxterogaster scaurus (Fr.) Niskanen & Liimat., 2022",2,,,,"cas3: 2 grappes, cas3: f_cd_ref",Merge attributes if exists,merge
Fungi,Basidiomycètes,Autres,36302,[36302],"Inocybe decipiens Bres., 1892",1,36302,"[36302, 469792]","Inocybe decipiens Bres., 1892",2,,,,"cas3: 2 grappes, cas3: f_cd_ref",Merge attributes if exists,merge
Fungi,Basidiomycètes,Autres,37596,[37596],"Phellinus igniarius (L.) Quél., 1886",1,37596,"[37596, 465095]","Phellinus igniarius (L.) Quél., 1886",2,,,,"cas3: 2 grappes, cas3: f_cd_ref",Merge attributes if exists,merge
Fungi,Basidiomycètes,Autres,37899,[37899],"Agaricus altipes (F.H.Møller) F.H.Møller, 1951",1,37899,"[37899, 462631]","Agaricus altipes (F.H.Møller) F.H.Møller, 1951",2,,,,"cas3: 2 grappes, cas3: f_cd_ref",Merge attributes if exists,merge
Fungi,Basidiomycètes,Autres,37989,[37989],"Agaricus haemorrhoidarius Schulzer, 1874",1,901371,"[37989, 38080]","Agaricus sylvaticus Schaeff., 1774",2,,,,"cas3: 2 grappes, cas3: f_cd_ref",Merge attributes if exists,merge
Fungi,Basidiomycètes,Autres,38080,[38080],"Agaricus silvaticus Schaeff., 1774",1,901371,"[37989, 38080]","Agaricus sylvaticus Schaeff., 1774",2,,,,"cas3: 2 grappes, cas3: f_cd_ref",Merge attributes if exists,merge
Fungi,Basidiomycètes,Autres,39025,[39025],"Amanita excelsa (Fr.) Bertill., 1866",1,39025,"[39025, 39176]","Amanita excelsa (Fr.) Bertill., 1866",2,,,,"cas3: 2 grappes, cas3: f_cd_ref",Merge attributes if exists,merge
Fungi,Basidiomycètes,Autres,39176,[39176],"Amanita spissa var. valida (P.Karst.) E.-J.Gilbert, 1918",1,39025,"[39025, 39176]","Amanita excelsa (Fr.) Bertill., 1866",2,,,,"cas3: 2 grappes, cas3: f_cd_ref",Merge attributes if exists,merge
Fungi,Basidiomycètes,Autres,41696,[41696],"Brevicellicium olivascens (Bres.) K.H.Larss. & Hjortstam, 1978",1,41696,"[41696, 464262]","Brevicellicium olivascens (Bres.) K.H.Larss. & Hjortstam, 1978",2,,,,"cas3: 2 grappes, cas3: f_cd_ref",Merge attributes if exists,merge
Fungi,Basidiomycètes,Autres,42499,[42499],Flavophlebia sulphureoisabellinum (Litsch.) Lars. & Hjortstam,1,462363,"[42499, 462363]","Cerocorticium sulfureoisabellinum (Litsch.) Jülich & Stalpers, 1980",2,,,,"cas3: 2 grappes, cas3: f_cd_ref",Merge attributes if exists,merge
Fungi,Ascomycètes,Autres,46992,[46992],"Diatrypella favacea (Fr.) Ces. & De Not., 1863",1,46992,"[46992, 860338]","Diatrypella favacea (Fr.) Ces. & De Not., 1863",2,,,,"cas3: 2 grappes, cas3: f_cd_ref",Merge attributes if exists,merge
Fungi,Ascomycètes,Autres,47874,[47874],"Hyalopeziza millepunctata (Lib.) Raitv., 1970",1,47874,"[47874, 48930]","Hyalopeziza millepunctata (Lib.) Raitv., 1970",2,,,1,"cas3: 2 grappes, cas3: f_cd_ref",Merge attributes if exists,merge
Fungi,Ascomycètes,Autres,48930,[48930],"Olla ulmariae Velen., 1934",1,47874,"[47874, 48930]","Hyalopeziza millepunctata (Lib.) Raitv., 1970",2,,,,"cas3: 2 grappes, cas3: f_cd_ref",Merge attributes if exists,merge
Animalia,Mollusques,Gastéropodes,61994,[61994],"Viviparus viviparus (Linnaeus, 1758)",1,61994,"[61994, 162713]","Viviparus viviparus (Linnaeus, 1758)",2,,,3,"cas3: 2 grappes, cas3: f_cd_ref",Merge attributes if exists,merge
Animalia,Mollusques,Gastéropodes,64120,[64120],"Planorbarius corneus (Linnaeus, 1758)",1,64120,"[64120, 162900]","Planorbarius corneus (Linnaeus, 1758)",2,,,1,"cas3: 2 grappes, cas3: f_cd_ref",Merge attributes if exists,merge
Plantae,Trachéophytes,Angiospermes,82037,"[82037, 82041]","Amaranthus x adulterinus Thell., 1928",2,82037,"[82037, 82041, 82042]","Amaranthus x adulterinus Thell., 1928",3,,,,"cas3: 2 grappes, cas3: f_cd_ref",Merge attributes if exists,merge
Plantae,Trachéophytes,Angiospermes,82042,[82042],"Amaranthus x ozanonii Thell. ex Priszter, 1949",1,82037,"[82037, 82041, 82042]","Amaranthus x adulterinus Thell., 1928",3,,,,"cas3: 2 grappes, cas3: f_cd_ref",Merge attributes if exists,merge
Plantae,Trachéophytes,Angiospermes,103156,[151418],"Hylotelephium argutum (Haw.) Holub, 1979",1,103162,"[82234, 103162, 122232, 122233, 122267, 122272, 140897, 140898, 151418]","Hylotelephium telephium (L.) H.Ohba, 1977",9,,,,"cas3: 2 grappes, cas3: f_cd_ref",Merge attributes if exists,merge
Fungi,Ascomycètes,Autres,57833,"[57833, 57838]","Cladonia foliacea subsp. foliacea (Huds.) Willd., 1787",2,57832,"[57832, 57833, 57838, 57840, 660602]","Cladonia foliacea (Huds.) Willd., 1787",5,,,,cas3: f_cd_ref,Merge attributes if exists,merge
Fungi,Basidiomycètes,Autres,35540,[35540],"Cortinarius rufoolivaceus (Pers.) Fr., 1838",1,1011004,"[35540, 35543, 35544]","Calonarius rufo-olivaceus (Pers.) Niskanen & Liimat., 2022",3,,,,cas3: f_cd_ref,Merge attributes if exists,merge
Plantae,Trachéophytes,Angiospermes,103162,"[82234, 103162, 122232, 122233, 122267, 122272, 140897, 140898]","Hylotelephium telephium (L.) H.Ohba, 1977",8,103162,"[82234, 103162, 122232, 122233, 122267, 122272, 140897, 140898, 151418]","Hylotelephium telephium (L.) H.Ohba, 1977",9,[107],1,11,"cas3: 2 grappes, cas3: f_cd_ref",Merge attributes if exists,merge
Plantae,Trachéophytes,Angiospermes,106342,[106342],"Linum strictum L., 1753",1,106342,"[106342, 137382]","Linum strictum L., 1753",2,"[107, 106]",2,5,"cas3: 2 grappes, cas3: f_cd_ref",Merge attributes if exists,merge
Plantae,Trachéophytes,Angiospermes,116759,"[116652, 116691, 116742, 116755, 116759, 139592, 161939]","Quercus robur L., 1753",7,116759,"[116652, 116691, 116742, 116755, 116759, 139592, 139596, 161939]","Quercus robur L., 1753",8,"[107, 106, 108]",3,12,"cas3: 2 grappes, cas3: f_cd_ref",Merge attributes if exists,merge
Plantae,Trachéophytes,Angiospermes,118972,[118972],"Rubus bellardii Weihe, 1825",1,1017984,"[118972, 119258]","Rubus nigricans Danthoine, 1791",2,,,,"cas3: 2 grappes, cas3: f_cd_ref",Merge attributes if exists,merge
Plantae,Trachéophytes,Angiospermes,119258,[119258],"Rubus pedemontanus Pinkw., 1898",1,1017984,"[118972, 119258]","Rubus nigricans Danthoine, 1791",2,,,,"cas3: 2 grappes, cas3: f_cd_ref",Merge attributes if exists,merge
Plantae,Trachéophytes,Angiospermes,122508,[122508],"Sempervivum fauconnetii Reut., 1861",1,122517,"[122508, 122517]","Sempervivum x piliferum Jord., 1849",2,"[106, 107]",2,,"cas3: 2 grappes, cas3: f_cd_ref",Merge attributes if exists,merge
Plantae,Trachéophytes,Angiospermes,122517,[122517],"Sempervivum x piliferum Jord., 1849",1,122517,"[122508, 122517]","Sempervivum x piliferum Jord., 1849",2,,,,"cas3: 2 grappes, cas3: f_cd_ref",Merge attributes if exists,merge
Plantae,Trachéophytes,Angiospermes,134982,[134982],"Genista pilosa subsp. jordanii (Shuttlew. ex Rouy & Foucaud) Braun-Blanq., 1952",1,134984,"[134982, 134984]","Genista pilosa subsp. pilosa L., 1753",2,,,,"cas3: 2 grappes, cas3: f_cd_ref",Merge attributes if exists,merge
Plantae,Trachéophytes,Angiospermes,134984,[134984],"Genista pilosa subsp. pilosa L., 1753",1,134984,"[134982, 134984]","Genista pilosa subsp. pilosa L., 1753",2,[107],1,,"cas3: 2 grappes, cas3: f_cd_ref",Merge attributes if exists,merge
Plantae,Trachéophytes,Angiospermes,137382,[137382],"Linum strictum subsp. strictum L., 1753",1,106342,"[106342, 137382]","Linum strictum L., 1753",2,,,1,"cas3: 2 grappes, cas3: f_cd_ref",Merge attributes if exists,merge
Plantae,Trachéophytes,Angiospermes,139596,[139596],"Quercus robur var. robur L., 1753",1,116759,"[116652, 116691, 116742, 116755, 116759, 139592, 139596, 161939]","Quercus robur L., 1753",8,,,,"cas3: 2 grappes, cas3: f_cd_ref",Merge attributes if exists,merge
Plantae,Trachéophytes,Angiospermes,140921,"[122421, 122435, 122497, 140921]","Sempervivum tectorum subsp. arvernense (Lecoq & Lamotte) Rouy & E.G.Camus, 1901",4,140929,"[122421, 122435, 122497, 140921, 140929]","Sempervivum tectorum subsp. tectorum L., 1753",5,[107],1,,"cas3: 2 grappes, cas3: f_cd_ref",Merge attributes if exists,merge
Plantae,Trachéophytes,Angiospermes,140929,[140929],"Sempervivum tectorum subsp. tectorum L., 1753",1,140929,"[122421, 122435, 122497, 140921, 140929]","Sempervivum tectorum subsp. tectorum L., 1753",5,,,,"cas3: 2 grappes, cas3: f_cd_ref",Merge attributes if exists,merge
Animalia,Mollusques,Gastéropodes,162713,[162713],"Viviparus viviparus viviparus (Linnaeus, 1758)",1,61994,"[61994, 162713]","Viviparus viviparus (Linnaeus, 1758)",2,,,,"cas3: 2 grappes, cas3: f_cd_ref",Merge attributes if exists,merge
Animalia,Mollusques,Gastéropodes,162900,[162900],"Planorbarius corneus corneus (Linnaeus, 1758)",1,64120,"[64120, 162900]","Planorbarius corneus (Linnaeus, 1758)",2,,,1,"cas3: 2 grappes, cas3: f_cd_ref",Merge attributes if exists,merge
Fungi,Basidiomycètes,Autres,462065,[462065],"Craterellus tubaeformis (Fr.) Quél., 1888",1,462065,"[462065, 469617]","Craterellus tubaeformis (Fr.) Quél., 1888",2,,,,"cas3: 2 grappes, cas3: f_cd_ref",Merge attributes if exists,merge
Fungi,Basidiomycètes,Autres,462363,[462363],"Cerocorticium sulfureoisabellinum (Litsch.) Jülich & Stalpers, 1980",1,462363,"[42499, 462363]","Cerocorticium sulfureoisabellinum (Litsch.) Jülich & Stalpers, 1980",2,,,,"cas3: 2 grappes, cas3: f_cd_ref",Merge attributes if exists,merge
Fungi,Basidiomycètes,Autres,462631,[462631],"Agaricus albosericeus Rauschert, 1992",1,37899,"[37899, 462631]","Agaricus altipes (F.H.Møller) F.H.Møller, 1951",2,,,,"cas3: 2 grappes, cas3: f_cd_ref",Merge attributes if exists,merge
Fungi,Basidiomycètes,Autres,463982,[463982],"Uromyces polygoni (Rabenh.) Fuckel, 1870",1,520561,"[463982, 463983]","Uromyces polygoni-avicularis (Pers.) G.H.Otth, 1864",2,,,,"cas3: 2 grappes, cas3: f_cd_ref",Merge attributes if exists,merge
Fungi,Basidiomycètes,Autres,464262,[464262],"Trechispora mutabilis (Pers.) Liberta, 1966",1,41696,"[41696, 464262]","Brevicellicium olivascens (Bres.) K.H.Larss. & Hjortstam, 1978",2,,,,"cas3: 2 grappes, cas3: f_cd_ref",Merge attributes if exists,merge
Fungi,Basidiomycètes,Autres,465095,[465095],"Phellinus alni (Bondartsev) Parmasto, 1976",1,37596,"[37596, 465095]","Phellinus igniarius (L.) Quél., 1886",2,,,,"cas3: 2 grappes, cas3: f_cd_ref",Merge attributes if exists,merge
Fungi,Basidiomycètes,Autres,469201,[469201],Calocybe gambosa var. flavida (Fr.) Donk,1,30809,"[30809, 469201]","Calocybe gambosa (Fr.) Donk, 1962",2,,,,"cas3: 2 grappes, cas3: f_cd_ref",Merge attributes if exists,merge
Fungi,Basidiomycètes,Autres,469452,[469452],"Cortinarius herpeticus var. fageticola (M.M.Moser) Nezdojm., 1983",1,1011397,"[35587, 469452]","Thaxterogaster scaurus (Fr.) Niskanen & Liimat., 2022",2,,,,"cas3: 2 grappes, cas3: f_cd_ref",Merge attributes if exists,merge
Fungi,Basidiomycètes,Autres,469535,[469535],"Cortinarius rufolatus var. brevisporus (Jul.Schäff.) Bidaud, Moënne-Locc. & Reumaux, 1996",1,35124,"[35124, 469535]","Cortinarius latus (Pers.) Fr., 1838",2,,,,"cas3: 2 grappes, cas3: f_cd_ref",Merge attributes if exists,merge
Fungi,Basidiomycètes,Autres,469617,[469617],"Craterellus tubaeformis f. pallidus (Gillet) Vila, 2006",1,462065,"[462065, 469617]","Craterellus tubaeformis (Fr.) Quél., 1888",2,,,,"cas3: 2 grappes, cas3: f_cd_ref",Merge attributes if exists,merge
Fungi,Basidiomycètes,Autres,469792,[469792],"Inocybe favrei var. mundula (J.Favre) Bon, 1985",1,36302,"[36302, 469792]","Inocybe decipiens Bres., 1892",2,,,,"cas3: 2 grappes, cas3: f_cd_ref",Merge attributes if exists,merge
Fungi,Basidiomycètes,Autres,469885,[469885],"Leccinum carpini f. isabellinum Lannoy & Estadès, 1994",1,973593,"[29555, 469885, 973593]","Leccinellum pseudoscabrum (Kallenb.) Mikšík, 2017",3,,,,"cas3: 2 grappes, cas3: f_cd_ref",Merge attributes if exists,merge
Animalia,Arthropodes,Insectes,716424,[716424],"Cephaledo bifasciata (Müller, 1766)",1,716424,"[231854, 716424]","Cephaledo bifasciata (Müller, 1766)",2,,,,"cas3: 2 grappes, cas3: f_cd_ref",Merge attributes if exists,merge
Animalia,Arthropodes,Insectes,716429,[231854],"Cephaledo bifasciata bifasciata (Müller, 1766)",1,716424,"[231854, 716424]","Cephaledo bifasciata (Müller, 1766)",2,,,,"cas3: 2 grappes, cas3: f_cd_ref",Merge attributes if exists,merge
Fungi,Ascomycètes,Autres,860338,[860338],"Diatrypella tocciaeana De Not., 1863",1,46992,"[46992, 860338]","Diatrypella favacea (Fr.) Ces. & De Not., 1863",2,,,,"cas3: 2 grappes, cas3: f_cd_ref",Merge attributes if exists,merge
Fungi,Basidiomycètes,Autres,966674,"[465265, 966674]","Cerioporus leptocephalus (Jacq.) Zmitr., 2016",2,966674,"[465265, 470018, 966674, 966675]","Cerioporus leptocephalus (Jacq.) Zmitr., 2016",4,,,1,"cas3: 2 grappes, cas3: f_cd_ref",Merge attributes if exists,merge
Fungi,Basidiomycètes,Autres,966675,"[470018, 966675]","Cerioporus leptocephalus f. nummularius (Bull.) Bondartseva, Zmitr. & Sidelnikova, 2016",2,966674,"[465265, 470018, 966674, 966675]","Cerioporus leptocephalus (Jacq.) Zmitr., 2016",4,,,,"cas3: 2 grappes, cas3: f_cd_ref",Merge attributes if exists,merge
Fungi,Basidiomycètes,Autres,973593,"[29555, 973593]","Leccinellum pseudoscabrum (Kallenb.) Mikšík, 2017",2,973593,"[29555, 469885, 973593]","Leccinellum pseudoscabrum (Kallenb.) Mikšík, 2017",3,,,,"cas3: 2 grappes, cas3: f_cd_ref",Merge attributes if exists,merge
Fungi,Basidiomycètes,Autres,1002056,[1002056],"Cortinarius viridocoeruleus Chevassut & Rob.Henry, 1975",1,1013462,"[35481, 1002056]","Phlegmacium viridocoeruleum (Chevassut & Rob.Henry) Niskanen & Liimat., 2022",2,,,,"cas3: 2 grappes, cas3: f_cd_ref",Merge attributes if exists,merge
Animalia,Arthropodes,Arachnides,1898,[1898],"Alopecosa trabalis (Clerck, 1758)",1,1898,"[1898, 1900]","Alopecosa trabalis (Clerck, 1758)",2,,,,cas3: f_cd_ref,Merge attributes if exists,merge
Animalia,Arthropodes,Arachnides,1900,"[1900, 233868]","Alopecosa accentuata (Latreille, 1817)",2,1898,"[1898, 1900]","Alopecosa trabalis (Clerck, 1758)",2,,,,cas3: f_cd_ref,Merge attributes if exists,merge
Fungi,Basidiomycètes,Autres,34681,[34681],"Cortinarius argutus Fr., 1838",1,1010999,"[34681, 469295, 469301]","Phlegmacium argutum (Fr.) Niskanen & Liimat., 2022",3,,,,cas3: f_cd_ref,Merge attributes if exists,merge
Fungi,Basidiomycètes,Autres,35284,[35284],"Cortinarius odorifer Britzelm., 1885",1,1011000,"[35284, 35289, 469495]","Calonarius odorifer (Britzelm.) Niskanen & Liimat., 2022",3,,,,cas3: f_cd_ref,Merge attributes if exists,merge
Fungi,Basidiomycètes,Autres,35289,[35289],"Cortinarius odorifer var. suborichalceus Rob.Henry, 1989",1,1011000,"[35284, 35289, 469495]","Calonarius odorifer (Britzelm.) Niskanen & Liimat., 2022",3,,,,cas3: f_cd_ref,Merge attributes if exists,merge
Fungi,Basidiomycètes,Autres,469084,[469084],"Agaricus xanthoderma var. griseus (A.Pearson) Bon & Cappelli, 1983",1,38130,"[462532, 469084, 469085, 469086]","Agaricus xanthodermus Genev., 1876",4,,,,cas3: f_cd_ref,Merge attributes if exists,merge
Fungi,Basidiomycètes,Autres,469085,[469085],"Agaricus xanthoderma var. lepiotoides Maire, 1910",1,38130,"[462532, 469084, 469085, 469086]","Agaricus xanthodermus Genev., 1876",4,,,,cas3: f_cd_ref,Merge attributes if exists,merge
Fungi,Basidiomycètes,Autres,469086,[469086],"Agaricus xanthoderma var. meleagrioides (A.Pearson) Bon & Cappelli, 1983",1,38130,"[462532, 469084, 469085, 469086]","Agaricus xanthodermus Genev., 1876",4,,,,cas3: f_cd_ref,Merge attributes if exists,merge
Fungi,Basidiomycètes,Autres,469295,[469295],"Cortinarius argutus f. perflavescens Bidaud, Moënne-Locc. & Reumaux, 2000",1,1010999,"[34681, 469295, 469301]","Phlegmacium argutum (Fr.) Niskanen & Liimat., 2022",3,,,,cas3: f_cd_ref,Merge attributes if exists,merge
Fungi,Basidiomycètes,Autres,469301,[469301],"Cortinarius argutus var. rammii Bidaud, Moënne-Locc., Reumaux & Rob.Henry, 2000",1,1010999,"[34681, 469295, 469301]","Phlegmacium argutum (Fr.) Niskanen & Liimat., 2022",3,,,,cas3: f_cd_ref,Merge attributes if exists,merge
Fungi,Basidiomycètes,Autres,469495,[469495],"Cortinarius odorifer var. immarginatocoloratus Rob.Henry, 1989",1,1011000,"[35284, 35289, 469495]","Calonarius odorifer (Britzelm.) Niskanen & Liimat., 2022",3,,,,cas3: f_cd_ref,Merge attributes if exists,merge
Plantae,Trachéophytes,Angiospermes,613134,"[136759, 613134]","Hypericum perforatum var. perforatum L., 1753",2,136759,"[103293, 136759, 613134]","Hypericum perforatum subsp. perforatum L., 1753",3,,,,cas3: f_cd_ref,Merge attributes if exists,merge
Plantae,Trachéophytes,Angiospermes,613151,"[140907, 140912, 613151]","Sempervivum arachnoideum var. arachnoideum L., 1753",3,122419,"[122120, 122419, 122455, 122494, 140907, 140912, 140913, 151445, 613151]","Sempervivum arachnoideum L., 1753",9,,,4,cas3: f_cd_ref,Merge attributes if exists,merge
Plantae,Trachéophytes,Angiospermes,613671,"[109428, 140000, 613671]","Rorippa pyrenaica var. pyrenaica (All.) Rchb., 1838",3,117946,"[109428, 117946, 117950, 153881]","Rorippa pyrenaica (All.) Rchb., 1838",4,"[106, 107]",2,,cas3: f_cd_ref,Merge attributes if exists,merge
Fungi,Ascomycètes,Lichens,660497,[660497],"Xanthoria calcicola Oxner, 1937",1,660497,"[59570, 660497]","Xanthoria calcicola Oxner, 1937",2,,,1,cas3: f_cd_ref,Merge attributes if exists,merge
Fungi,Ascomycètes,Autres,660602,"[57840, 660602]","Cladonia foliacea subsp. endiviifolia (Dicks.) Boistel, 2010",2,57832,"[57832, 57833, 57838, 57840, 660602]","Cladonia foliacea (Huds.) Willd., 1787",5,,,4,cas3: f_cd_ref,Merge attributes if exists,merge
Fungi,Ascomycètes,Autres,660653,"[59570, 660653]",Xanthoria calcicola var. calcicola Oksner,2,660497,"[59570, 660497]","Xanthoria calcicola Oxner, 1937",2,,,3,cas3: f_cd_ref,Merge attributes if exists,merge
Plantae,Trachéophytes,Angiospermes,762153,[762153],"Digitalis purpurea subsp. purpurea L., 1753",1,762153,"[160468, 762153]","Digitalis purpurea subsp. purpurea L., 1753",2,,,1,cas3: f_cd_ref,Merge attributes if exists,merge
Plantae,Trachéophytes,Angiospermes,964676,"[116806, 116845, 116847, 964676]","Quercus x streimii Heuff., 1850",4,116829,"[116829, 116845]","Quercus x kerneri Simonk., 1883",2,,,,cas3: f_cd_ref,Merge attributes if exists,merge
Animalia,Arthropodes,Arachnides,1900,"[1900, 233868]","Alopecosa accentuata (Latreille, 1817)",2,233868,[233868],"Alopecosa barbipes (Sundevall, 1833)",1,,,,"cas2, cas3: f_cd_ref",Merge attributes if exists,merge
Plantae,Trachéophytes,Angiospermes,88942,"[88591, 88942]","Carex vesicaria L., 1753",2,88942,[88942],"Carex vesicaria L., 1753",1,"[107, 106]",2,9,"cas2, cas3: f_cd_ref",Merge attributes if exists,merge
Plantae,Trachéophytes,Angiospermes,93613,"[93603, 93613, 133558, 133577]","Cuscuta campestris Yunck., 1932",4,93613,"[93603, 93613]","Cuscuta campestris Yunck., 1932",2,[107],1,5,"cas2, cas3: f_cd_ref",Merge attributes if exists,merge
Plantae,Trachéophytes,Angiospermes,93640,"[93626, 93640, 133575]","Cuscuta planiflora Ten., 1829",3,93640,[93640],"Cuscuta planiflora Ten., 1829",1,,,5,"cas2, cas3: f_cd_ref",Merge attributes if exists,merge
Plantae,Trachéophytes,Angiospermes,94959,"[94938, 94951, 94959, 160468]","Digitalis purpurea L., 1753",4,94959,"[94938, 94951, 94959]","Digitalis purpurea L., 1753",3,"[107, 106]",2,21,"cas2, cas3: f_cd_ref",Merge attributes if exists,merge
Plantae,Trachéophytes,Angiospermes,97452,"[97446, 97452]","Euphorbia amygdaloides L., 1753",2,97452,[97452],"Euphorbia amygdaloides L., 1753",1,"[107, 108, 106]",3,8,"cas2, cas3: f_cd_ref",Merge attributes if exists,merge
Plantae,Trachéophytes,Angiospermes,103316,"[103293, 103316]","Hypericum perforatum L., 1753",2,103316,[103316],"Hypericum perforatum L., 1753",1,[107],1,12,"cas2, cas3: f_cd_ref",Merge attributes if exists,merge
Plantae,Trachéophytes,Angiospermes,103324,"[103278, 103324]","Hypericum richeri Vill., 1779",2,103324,[103324],"Hypericum richeri Vill., 1779",1,"[106, 107]",2,13,"cas2, cas3: f_cd_ref",Merge attributes if exists,merge
Plantae,Trachéophytes,Angiospermes,107217,"[107201, 107217, 116593, 139551]","Malus sylvestris Mill., 1768",4,107217,"[107201, 107217, 139551]","Malus sylvestris (L.) Mill., 1768",3,[107],1,3,"cas2, cas3: f_cd_ref",Merge attributes if exists,merge
Plantae,Trachéophytes,Angiospermes,119780,"[119780, 119787, 140411]","Sagina apetala Ard., 1763",3,119780,[119780],"Sagina apetala Ard., 1763",1,"[106, 107]",2,4,"cas2, cas3: f_cd_ref",Merge attributes if exists,merge
Plantae,Trachéophytes,Angiospermes,133565,"[93599, 93636, 93653, 133565, 133568]","Cuscuta epithymum subsp. epithymum (L.) L., 1774",5,133565,"[93636, 133565]","Cuscuta epithymum subsp. epithymum (L.) L., 1774",2,"[107, 106]",2,3,"cas2, cas3: f_cd_ref",Merge attributes if exists,merge
Plantae,Trachéophytes,Angiospermes,134372,"[97613, 97722, 134372]","Euphorbia esula subsp. saratoi (Ardoino) P.Fourn., 1936",3,97703,[97722],"Euphorbia virgata Waldst. & Kit., 1805",1,,,2,"cas2, cas3: f_cd_ref",Merge attributes if exists,merge
Plantae,Trachéophytes,Angiospermes,136750,"[136750, 136765]","Hypericum maculatum subsp. maculatum Crantz, 1763",2,136750,[136750],"Hypericum maculatum subsp. maculatum Crantz, 1763",1,,,7,"cas2, cas3: f_cd_ref",Merge attributes if exists,merge
Plantae,Trachéophytes,Angiospermes,143439,"[81961, 143439]","Amaranthus blitum var. blitum L., 1753",2,143439,[143439],"Amaranthus blitum var. blitum L., 1753",1,,,,"cas2, cas3: f_cd_ref",Merge attributes if exists,merge
Plantae,Trachéophytes,Angiospermes,145374,"[133055, 145374, 619051]","Centaurium erythraea var. erythraea Rafn, 1800",3,145374,[145374],"Centaurium erythraea var. erythraea Rafn, 1800",1,,,,"cas2, cas3: f_cd_ref",Merge attributes if exists,merge
Plantae,Trachéophytes,Angiospermes,154276,"[131287, 154276]","Amaranthus blitum var. emarginatus (Salzm. ex Uline & W.L.Bray) Lambinon, 1993",2,154276,[154276],"Amaranthus blitum var. emarginatus (Salzm. ex Uline & W.L.Bray) Lambinon, 1993",1,,,,"cas2, cas3: f_cd_ref",Merge attributes if exists,merge
Fungi,Basidiomycètes,Autres,463664,[463673],Pucciniastrum circaeae (G. Winter) De Toni,1,463673,"[463673, 463673]","Pucciniastrum circaeae (Schumach.) Speg., 1888",1,,,,"cas2, cas3: f_cd_ref",Merge attributes if exists,merge
Fungi,Basidiomycètes,Autres,463673,[463673],"Pucciniastrum circaeae (Schumach.) Speg., 1888",1,463673,"[463673, 463673]","Pucciniastrum circaeae (Schumach.) Speg., 1888",1,,,,"cas2, cas3: f_cd_ref",Merge attributes if exists,merge
Fungi,Basidiomycètes,Autres,464912,[464913],Puccinia gentianae Röhling,1,464913,"[464913, 464913]","Puccinia gentianae (F.Strauss) Röhl., 1813",1,,,,"cas2, cas3: f_cd_ref",Merge attributes if exists,merge
Fungi,Basidiomycètes,Autres,464913,[464913],"Puccinia gentianae (F.Strauss) Link, 1824",1,464913,"[464913, 464913]","Puccinia gentianae (F.Strauss) Röhl., 1813",1,,,,"cas2, cas3: f_cd_ref",Merge attributes if exists,merge
Plantae,Trachéophytes,Angiospermes,613150,"[95746, 95763, 95794, 134032, 146318, 613150]","Echium vulgare var. vulgare L., 1753",6,613150,"[95746, 95794, 134032, 146318, 613150]","Echium vulgare var. vulgare L., 1753",5,"[106, 107]",2,,"cas2, cas3: f_cd_ref",Merge attributes if exists,merge
Plantae,Trachéophytes,Angiospermes,613671,"[109428, 140000, 613671]","Rorippa pyrenaica var. pyrenaica (All.) Rchb., 1838",3,613671,"[140000, 613671]","Rorippa pyrenaica var. pyrenaica (All.) Rchb., 1838",2,"[106, 107]",2,,"cas2, cas3: f_cd_ref",Merge attributes if exists,merge
Fungi,Ascomycètes,Autres,660653,"[59570, 660653]",Xanthoria calcicola var. calcicola Oksner,2,660653,[660653],Xanthoria calcicola var. calcicola Oksner,1,,,3,"cas2, cas3: f_cd_ref",Merge attributes if exists,merge
Plantae,Trachéophytes,Angiospermes,964676,"[116806, 116845, 116847, 964676]","Quercus x streimii Heuff., 1850",4,964676,"[116806, 116847, 964676]","Quercus x streimii Heuff., 1850",3,,,,"cas2, cas3: f_cd_ref",Merge attributes if exists,merge
Fungi,Basidiomycètes,Autres,35543,[35543],"Cortinarius rufoolivaceus var. pallidus (M.M.Moser) Quadr., 1985",1,1011004,"[35540, 35543, 35544]","Calonarius rufo-olivaceus (Pers.) Niskanen & Liimat., 2022",3,,,,cas3: f_cd_ref,Merge attributes if exists,merge
Fungi,Basidiomycètes,Autres,35544,[35544],"Cortinarius rufoolivaceus var. vinosus Moënne-Locc. & Reumaux, 1990",1,1011004,"[35540, 35543, 35544]","Calonarius rufo-olivaceus (Pers.) Niskanen & Liimat., 2022",3,,,,cas3: f_cd_ref,Merge attributes if exists,merge
Fungi,Basidiomycètes,Autres,35633,[35633],"Cortinarius speciosissimus Kühner & Romagn., 1953",1,34729,"[35633, 35635, 35636]","Cortinarius rubellus Cooke, 1887",3,,,,cas3: f_cd_ref,Merge attributes if exists,merge
Fungi,Basidiomycètes,Autres,35635,[35635],"Cortinarius speciosissimus var. julii Moënne-Locc. & Reumaux, 1991",1,34729,"[35633, 35635, 35636]","Cortinarius rubellus Cooke, 1887",3,,,,cas3: f_cd_ref,Merge attributes if exists,merge
Fungi,Basidiomycètes,Autres,35636,[35636],"Cortinarius speciosissimus var. ochraceovelatus Moënne-Locc. & Reumaux, 1991",1,34729,"[35633, 35635, 35636]","Cortinarius rubellus Cooke, 1887",3,,,,cas3: f_cd_ref,Merge attributes if exists,merge
Fungi,Ascomycètes,Lichens,57832,[57832],"Cladonia foliacea (Huds.) Willd., 1787",1,57832,"[57832, 57833, 57838, 57840, 660602]","Cladonia foliacea (Huds.) Willd., 1787",5,,,1,cas3: f_cd_ref,Merge attributes if exists,merge
Plantae,Trachéophytes,Angiospermes,89840,"[89840, 90884, 97289]","Centaurium erythraea Rafn, 1800",3,89840,"[89840, 90884, 97289, 619051]","Centaurium erythraea Rafn, 1800",4,"[108, 107, 106]",3,7,cas3: f_cd_ref,Merge attributes if exists,merge
Plantae,Trachéophytes,Angiospermes,93613,"[93603, 93613, 133558, 133577]","Cuscuta campestris Yunck., 1932",4,93644,"[93605, 93644, 133558, 133577, 145811]","Cuscuta scandens Brot., 1804",5,[107],1,5,cas3: f_cd_ref,Merge attributes if exists,merge
Plantae,Trachéophytes,Angiospermes,93640,"[93626, 93640, 133575]","Cuscuta planiflora Ten., 1829",3,133566,"[93626, 133566, 133575]","Cuscuta epithymum subsp. kotschyi (Des Moul.) Arcang., 1882",3,,,5,cas3: f_cd_ref,Merge attributes if exists,merge
Plantae,Trachéophytes,Angiospermes,93644,"[93605, 93644, 145811]","Cuscuta scandens Brot., 1804",3,93644,"[93605, 93644, 133558, 133577, 145811]","Cuscuta scandens Brot., 1804",5,,,4,cas3: f_cd_ref,Merge attributes if exists,merge
Plantae,Trachéophytes,Angiospermes,94959,"[94938, 94951, 94959, 160468]","Digitalis purpurea L., 1753",4,762153,"[160468, 762153]","Digitalis purpurea subsp. purpurea L., 1753",2,"[107, 106]",2,21,cas3: f_cd_ref,Merge attributes if exists,merge
Plantae,Trachéophytes,Angiospermes,97452,"[97446, 97452]","Euphorbia amygdaloides L., 1753",2,134348,"[97446, 134348]","Euphorbia amygdaloides subsp. amygdaloides L., 1753",2,"[107, 108, 106]",3,8,cas3: f_cd_ref,Merge attributes if exists,merge
Plantae,Trachéophytes,Angiospermes,97508,"[97380, 97508]","Euphorbia esula L., 1753",2,97508,"[97380, 97381, 97457, 97508, 97581, 97613, 97654, 134367, 134370]","Euphorbia esula L., 1753",9,,,3,cas3: f_cd_ref,Merge attributes if exists,merge
Plantae,Trachéophytes,Angiospermes,103316,"[103293, 103316]","Hypericum perforatum L., 1753",2,136759,"[103293, 136759, 613134]","Hypericum perforatum subsp. perforatum L., 1753",3,[107],1,12,cas3: f_cd_ref,Merge attributes if exists,merge
Plantae,Trachéophytes,Angiospermes,107207,"[107206, 107207, 107213, 137561]","Malus domestica Borkh., 1803 [nom. cons.]",4,107207,"[107206, 107207, 107213, 116593, 137561]","Malus domestica (Suckow) Borkh., 1803 [nom. cons.]",5,,,2,cas3: f_cd_ref,Merge attributes if exists,merge
Plantae,Trachéophytes,Angiospermes,107217,"[107201, 107217, 116593, 139551]","Malus sylvestris Mill., 1768",4,107207,"[107206, 107207, 107213, 116593, 137561]","Malus domestica (Suckow) Borkh., 1803 [nom. cons.]",5,[107],1,3,cas3: f_cd_ref,Merge attributes if exists,merge
Plantae,Trachéophytes,Angiospermes,108770,[108770],"Monotropa hypopitys L., 1753",1,762076,"[108766, 108769, 108770, 108771, 137875, 137876]","Hypopitys monotropa Crantz, 1766",6,[107],1,6,cas3: f_cd_ref,Merge attributes if exists,merge
Plantae,Trachéophytes,Angiospermes,116829,[116829],"Quercus x kerneri Simkovics, 1883",1,116829,"[116829, 116845]","Quercus x kerneri Simonk., 1883",2,,,,cas3: f_cd_ref,Merge attributes if exists,merge
Plantae,Trachéophytes,Angiospermes,117946,"[117946, 117950, 153881]","Rorippa pyrenaica (All.) Rchb., 1838",3,117946,"[109428, 117946, 117950, 153881]","Rorippa pyrenaica (All.) Rchb., 1838",4,,,5,cas3: f_cd_ref,Merge attributes if exists,merge
Plantae,Trachéophytes,Angiospermes,119780,"[119780, 119787, 140411]","Sagina apetala Ard., 1763",3,140410,"[119787, 119816, 140410, 140411, 140415]","Sagina apetala subsp. apetala Ard., 1763",5,"[106, 107]",2,4,cas3: f_cd_ref,Merge attributes if exists,merge
Plantae,Trachéophytes,Angiospermes,122419,"[122120, 122419]","Sempervivum arachnoideum L., 1753",2,122419,"[122120, 122419, 122455, 122494, 140907, 140912, 140913, 151445, 613151]","Sempervivum arachnoideum L., 1753",9,"[107, 106, 108]",3,15,cas3: f_cd_ref,Merge attributes if exists,merge
Plantae,Trachéophytes,Angiospermes,131285,[131285],"Amaranthus blitum subsp. blitum L., 1753",1,131285,"[81961, 131285]","Amaranthus blitum subsp. blitum L., 1753",2,,,,cas3: f_cd_ref,Merge attributes if exists,merge
Plantae,Trachéophytes,Angiospermes,131286,"[81982, 131286]","Amaranthus blitum subsp. emarginatus (Salzm. ex Uline & W.L.Bray) Carretero, Muñoz Garm. & Pedrol, 1987",2,131286,"[81982, 131286, 131287]","Amaranthus blitum subsp. emarginatus (Salzm. ex Uline & W.L.Bray) Carretero, Muñoz Garm. & Pedrol, 1987",3,"[107, 106]",2,4,cas3: f_cd_ref,Merge attributes if exists,merge
Plantae,Trachéophytes,Angiospermes,133028,[133028],"Centaurium erythraea subsp. erythraea Rafn, 1800",1,133028,"[133028, 133055]","Centaurium erythraea subsp. erythraea Rafn, 1800",2,"[107, 106]",2,2,cas3: f_cd_ref,Merge attributes if exists,merge
Plantae,Trachéophytes,Angiospermes,134372,"[97613, 97722, 134372]","Euphorbia esula subsp. saratoi (Ardoino) P.Fourn., 1936",3,97656,[134372],"Euphorbia saratoi Ardoino, 1867",1,,,2,"cas2, cas3: f_cd_ref",Merge attributes if exists,merge
Plantae,Trachéophytes,Angiospermes,133566,[133566],"Cuscuta epithymum subsp. kotschyi (Des Moul.) Arcang., 1882",1,133566,"[93626, 133566, 133575]","Cuscuta epithymum subsp. kotschyi (Des Moul.) Arcang., 1882",3,"[106, 107]",2,2,cas3: f_cd_ref,Merge attributes if exists,merge
Plantae,Trachéophytes,Angiospermes,134348,[134348],"Euphorbia amygdaloides subsp. amygdaloides L., 1753",1,134348,"[97446, 134348]","Euphorbia amygdaloides subsp. amygdaloides L., 1753",2,,,,cas3: f_cd_ref,Merge attributes if exists,merge
Plantae,Trachéophytes,Angiospermes,134367,"[97381, 97457, 97581, 97654, 134367, 134370]","Euphorbia esula subsp. esula L., 1753",6,97508,"[97380, 97381, 97457, 97508, 97581, 97613, 97654, 134367, 134370]","Euphorbia esula L., 1753",9,,,3,cas3: f_cd_ref,Merge attributes if exists,merge
Plantae,Trachéophytes,Angiospermes,134372,"[97613, 97722, 134372]","Euphorbia esula subsp. saratoi (Ardoino) P.Fourn., 1936",3,97508,"[97380, 97381, 97457, 97508, 97581, 97613, 97654, 134367, 134370]","Euphorbia esula L., 1753",9,,,2,cas3: f_cd_ref,Merge attributes if exists,merge
Plantae,Trachéophytes,Angiospermes,136750,"[136750, 136765]","Hypericum maculatum subsp. maculatum Crantz, 1763",2,136751,"[103270, 136751, 136765]","Hypericum maculatum subsp. obtusiusculum (Tourlet) Hayek, 1912",3,,,7,cas3: f_cd_ref,Merge attributes if exists,merge
Plantae,Trachéophytes,Angiospermes,136751,"[103270, 136751]","Hypericum maculatum subsp. obtusiusculum (Tourlet) Hayek, 1912",2,136751,"[103270, 136751, 136765]","Hypericum maculatum subsp. obtusiusculum (Tourlet) Hayek, 1912",3,[107],1,3,cas3: f_cd_ref,Merge attributes if exists,merge
Plantae,Trachéophytes,Angiospermes,137875,"[108766, 108769, 108771, 137875]","Monotropa hypopitys subsp. hypophegea (Wallr.) Holmboe, 1922",4,762076,"[108766, 108769, 108770, 108771, 137875, 137876]","Hypopitys monotropa Crantz, 1766",6,,,,cas3: f_cd_ref,Merge attributes if exists,merge
Plantae,Trachéophytes,Angiospermes,137876,[137876],"Monotropa hypopitys subsp. hypopitys L., 1753",1,762076,"[108766, 108769, 108770, 108771, 137875, 137876]","Hypopitys monotropa Crantz, 1766",6,,,,cas3: f_cd_ref,Merge attributes if exists,merge
Plantae,Trachéophytes,Angiospermes,140410,"[119816, 140410, 140415]","Sagina apetala subsp. apetala Ard., 1763",3,140410,"[119787, 119816, 140410, 140411, 140415]","Sagina apetala subsp. apetala Ard., 1763",5,,,4,cas3: f_cd_ref,Merge attributes if exists,merge
Plantae,Trachéophytes,Angiospermes,143439,"[81961, 143439]","Amaranthus blitum var. blitum L., 1753",2,131285,"[81961, 131285]","Amaranthus blitum subsp. blitum L., 1753",2,,,,cas3: f_cd_ref,Merge attributes if exists,merge
Plantae,Trachéophytes,Angiospermes,145374,"[133055, 145374, 619051]","Centaurium erythraea var. erythraea Rafn, 1800",3,89840,"[89840, 90884, 97289, 619051]","Centaurium erythraea Rafn, 1800",4,,,,cas3: f_cd_ref,Merge attributes if exists,merge
Plantae,Trachéophytes,Angiospermes,145374,"[133055, 145374, 619051]","Centaurium erythraea var. erythraea Rafn, 1800",3,133028,"[133028, 133055]","Centaurium erythraea subsp. erythraea Rafn, 1800",2,,,,cas3: f_cd_ref,Merge attributes if exists,merge
Plantae,Trachéophytes,Angiospermes,151445,"[122455, 122494, 140913, 151445]","Sempervivum arachnoideum var. tomentosum (C.B.Lehm. & Schnittsp.) Cariot & St.-Lag., 1889",4,122419,"[122120, 122419, 122455, 122494, 140907, 140912, 140913, 151445, 613151]","Sempervivum arachnoideum L., 1753",9,,,,cas3: f_cd_ref,Merge attributes if exists,merge
Plantae,Trachéophytes,Angiospermes,154276,"[131287, 154276]","Amaranthus blitum var. emarginatus (Salzm. ex Uline & W.L.Bray) Lambinon, 1993",2,131286,"[81982, 131286, 131287]","Amaranthus blitum subsp. emarginatus (Salzm. ex Uline & W.L.Bray) Carretero, Muñoz Garm. & Pedrol, 1987",3,,,,cas3: f_cd_ref,Merge attributes if exists,merge
Fungi,Basidiomycètes,Autres,462532,[462532],"Agaricus xanthoderma Genev., 1876",1,38130,"[462532, 469084, 469085, 469086]","Agaricus xanthodermus Genev., 1876",4,,,,cas3: f_cd_ref,Merge attributes if exists,merge
